Indicator Name,Indicator Code,Country Name,Country Code,2001
"Birth rate, crude (per 1,000 people)",SP.DYN.CBRT.IN,Afghanistan,AFG,49.281
"Birth rate, crude (per 1,000 people)",SP.DYN.CBRT.IN,Albania,ALB,18.046
"Birth rate, crude (per 1,000 people)",SP.DYN.CBRT.IN,Algeria,DZA,19.339
"Birth rate, crude (per 1,000 people)",SP.DYN.CBRT.IN,American Samoa,ASM,
"Birth rate, crude (per 1,000 people)",SP.DYN.CBRT.IN,Andorra,ADO,11.8
"Birth rate, crude (per 1,000 people)",SP.DYN.CBRT.IN,Angola,AGO,50.257
"Birth rate, crude (per 1,000 people)",SP.DYN.CBRT.IN,Antigua and Barbuda,ATG,20.022
"Birth rate, crude (per 1,000 people)",SP.DYN.CBRT.IN,Argentina,ARG,18.445
"Birth rate, crude (per 1,000 people)",SP.DYN.CBRT.IN,Armenia,ARM,13.299
"Birth rate, crude (per 1,000 people)",SP.DYN.CBRT.IN,Aruba,ABW,13.776
"Birth rate, crude (per 1,000 people)",SP.DYN.CBRT.IN,Australia,AUS,12.7
"Birth rate, crude (per 1,000 people)",SP.DYN.CBRT.IN,Austria,AUT,9.4
"Birth rate, crude (per 1,000 people)",SP.DYN.CBRT.IN,Azerbaijan,AZE,13.8
"Birth rate, crude (per 1,000 people)",SP.DYN.CBRT.IN,"Bahamas, The",BHS,16.822
"Birth rate, crude (per 1,000 people)",SP.DYN.CBRT.IN,Bahrain,BHR,20.752
"Birth rate, crude (per 1,000 people)",SP.DYN.CBRT.IN,Bangladesh,BGD,26.307
"Birth rate, crude (per 1,000 people)",SP.DYN.CBRT.IN,Barbados,BRB,13.349
"Birth rate, crude (per 1,000 people)",SP.DYN.CBRT.IN,Belarus,BLR,9.2
"Birth rate, crude (per 1,000 people)",SP.DYN.CBRT.IN,Belgium,BEL,11.1
"Birth rate, crude (per 1,000 people)",SP.DYN.CBRT.IN,Belize,BLZ,28.59
"Birth rate, crude (per 1,000 people)",SP.DYN.CBRT.IN,Benin,BEN,42.313
"Birth rate, crude (per 1,000 people)",SP.DYN.CBRT.IN,Bermuda,BMU,13.4
"Birth rate, crude (per 1,000 people)",SP.DYN.CBRT.IN,Bhutan,BTN,26.552
"Birth rate, crude (per 1,000 people)",SP.DYN.CBRT.IN,Bolivia,BOL,30.938
"Birth rate, crude (per 1,000 people)",SP.DYN.CBRT.IN,Bosnia and Herzegovina,BIH,9.64
"Birth rate, crude (per 1,000 people)",SP.DYN.CBRT.IN,Botswana,BWA,26.88
"Birth rate, crude (per 1,000 people)",SP.DYN.CBRT.IN,Brazil,BRA,20.459
"Birth rate, crude (per 1,000 people)",SP.DYN.CBRT.IN,Brunei Darussalam,BRN,22.166
"Birth rate, crude (per 1,000 people)",SP.DYN.CBRT.IN,Bulgaria,BGR,8.5
"Birth rate, crude (per 1,000 people)",SP.DYN.CBRT.IN,Burkina Faso,BFA,46.024
"Birth rate, crude (per 1,000 people)",SP.DYN.CBRT.IN,Burundi,BDI,42.422
"Birth rate, crude (per 1,000 people)",SP.DYN.CBRT.IN,Cambodia,KHM,26.99
"Birth rate, crude (per 1,000 people)",SP.DYN.CBRT.IN,Cameroon,CMR,41.07
"Birth rate, crude (per 1,000 people)",SP.DYN.CBRT.IN,Canada,CAN,10.6
"Birth rate, crude (per 1,000 people)",SP.DYN.CBRT.IN,Cape Verde,CPV,27.752
"Birth rate, crude (per 1,000 people)",SP.DYN.CBRT.IN,Cayman Islands,CYM,
"Birth rate, crude (per 1,000 people)",SP.DYN.CBRT.IN,Central African Republic,CAF,39.081
"Birth rate, crude (per 1,000 people)",SP.DYN.CBRT.IN,Chad,TCD,50.812
"Birth rate, crude (per 1,000 people)",SP.DYN.CBRT.IN,Channel Islands,CHI,10.851
"Birth rate, crude (per 1,000 people)",SP.DYN.CBRT.IN,Chile,CHL,16.25
"Birth rate, crude (per 1,000 people)",SP.DYN.CBRT.IN,China,CHN,13.38
"Birth rate, crude (per 1,000 people)",SP.DYN.CBRT.IN,Colombia,COL,22.518
"Birth rate, crude (per 1,000 people)",SP.DYN.CBRT.IN,Comoros,COM,39.26
"Birth rate, crude (per 1,000 people)",SP.DYN.CBRT.IN,"Congo, Dem. Rep.",ZAR,47.296
"Birth rate, crude (per 1,000 people)",SP.DYN.CBRT.IN,"Congo, Rep.",COG,39.245
"Birth rate, crude (per 1,000 people)",SP.DYN.CBRT.IN,Costa Rica,CRI,19.552
"Birth rate, crude (per 1,000 people)",SP.DYN.CBRT.IN,Cote d'Ivoire,CIV,37.986
"Birth rate, crude (per 1,000 people)",SP.DYN.CBRT.IN,Croatia,HRV,9.2
"Birth rate, crude (per 1,000 people)",SP.DYN.CBRT.IN,Cuba,CUB,12.785
"Birth rate, crude (per 1,000 people)",SP.DYN.CBRT.IN,Curacao,CUW,
"Birth rate, crude (per 1,000 people)",SP.DYN.CBRT.IN,Cyprus,CYP,12.828
"Birth rate, crude (per 1,000 people)",SP.DYN.CBRT.IN,Czech Republic,CZE,8.9
"Birth rate, crude (per 1,000 people)",SP.DYN.CBRT.IN,Denmark,DNK,12.2
"Birth rate, crude (per 1,000 people)",SP.DYN.CBRT.IN,Djibouti,DJI,29.727
"Birth rate, crude (per 1,000 people)",SP.DYN.CBRT.IN,Dominica,DMA,
"Birth rate, crude (per 1,000 people)",SP.DYN.CBRT.IN,Dominican Republic,DOM,24.7
"Birth rate, crude (per 1,000 people)",SP.DYN.CBRT.IN,Ecuador,ECU,24.984
"Birth rate, crude (per 1,000 people)",SP.DYN.CBRT.IN,"Egypt, Arab Rep.",EGY,24.563
"Birth rate, crude (per 1,000 people)",SP.DYN.CBRT.IN,El Salvador,SLV,23.613
"Birth rate, crude (per 1,000 people)",SP.DYN.CBRT.IN,Equatorial Guinea,GNQ,39.166
"Birth rate, crude (per 1,000 people)",SP.DYN.CBRT.IN,Eritrea,ERI,39.86
"Birth rate, crude (per 1,000 people)",SP.DYN.CBRT.IN,Estonia,EST,9.3
"Birth rate, crude (per 1,000 people)",SP.DYN.CBRT.IN,Ethiopia,ETH,42.727
"Birth rate, crude (per 1,000 people)",SP.DYN.CBRT.IN,Faeroe Islands,FRO,
"Birth rate, crude (per 1,000 people)",SP.DYN.CBRT.IN,Fiji,FJI,24.465
"Birth rate, crude (per 1,000 people)",SP.DYN.CBRT.IN,Finland,FIN,10.8
"Birth rate, crude (per 1,000 people)",SP.DYN.CBRT.IN,France,FRA,13.1
"Birth rate, crude (per 1,000 people)",SP.DYN.CBRT.IN,French Polynesia,PYF,19.536
"Birth rate, crude (per 1,000 people)",SP.DYN.CBRT.IN,Gabon,GAB,33.562
"Birth rate, crude (per 1,000 people)",SP.DYN.CBRT.IN,"Gambia, The",GMB,45.118
"Birth rate, crude (per 1,000 people)",SP.DYN.CBRT.IN,Georgia,GEO,11.898
"Birth rate, crude (per 1,000 people)",SP.DYN.CBRT.IN,Germany,DEU,8.9
"Birth rate, crude (per 1,000 people)",SP.DYN.CBRT.IN,Ghana,GHA,34.452
"Birth rate, crude (per 1,000 people)",SP.DYN.CBRT.IN,Greece,GRC,9.3
"Birth rate, crude (per 1,000 people)",SP.DYN.CBRT.IN,Greenland,GRL,16.6282165039929
"Birth rate, crude (per 1,000 people)",SP.DYN.CBRT.IN,Grenada,GRD,19.087
"Birth rate, crude (per 1,000 people)",SP.DYN.CBRT.IN,Guam,GUM,21.466
"Birth rate, crude (per 1,000 people)",SP.DYN.CBRT.IN,Guatemala,GTM,36.288
"Birth rate, crude (per 1,000 people)",SP.DYN.CBRT.IN,Guinea,GIN,41.675
"Birth rate, crude (per 1,000 people)",SP.DYN.CBRT.IN,Guinea-Bissau,GNB,41.273
"Birth rate, crude (per 1,000 people)",SP.DYN.CBRT.IN,Guyana,GUY,21.897
"Birth rate, crude (per 1,000 people)",SP.DYN.CBRT.IN,Haiti,HTI,30.563
"Birth rate, crude (per 1,000 people)",SP.DYN.CBRT.IN,Honduras,HND,30.967
"Birth rate, crude (per 1,000 people)",SP.DYN.CBRT.IN,"Hong Kong SAR, China",HKG,7.2
"Birth rate, crude (per 1,000 people)",SP.DYN.CBRT.IN,Hungary,HUN,9.5
"Birth rate, crude (per 1,000 people)",SP.DYN.CBRT.IN,Iceland,ISL,14.4
"Birth rate, crude (per 1,000 people)",SP.DYN.CBRT.IN,India,IND,25.186
"Birth rate, crude (per 1,000 people)",SP.DYN.CBRT.IN,Indonesia,IDN,21.477
"Birth rate, crude (per 1,000 people)",SP.DYN.CBRT.IN,"Iran, Islamic Rep.",IRN,18.228
"Birth rate, crude (per 1,000 people)",SP.DYN.CBRT.IN,Iraq,IRQ,35.614
"Birth rate, crude (per 1,000 people)",SP.DYN.CBRT.IN,Ireland,IRL,15
"Birth rate, crude (per 1,000 people)",SP.DYN.CBRT.IN,Isle of Man,IMY,
"Birth rate, crude (per 1,000 people)",SP.DYN.CBRT.IN,Israel,ISR,21.2
"Birth rate, crude (per 1,000 people)",SP.DYN.CBRT.IN,Italy,ITA,9.4
"Birth rate, crude (per 1,000 people)",SP.DYN.CBRT.IN,Jamaica,JAM,21.2
"Birth rate, crude (per 1,000 people)",SP.DYN.CBRT.IN,Japan,JPN,9.3
"Birth rate, crude (per 1,000 people)",SP.DYN.CBRT.IN,Jordan,JOR,30.821
"Birth rate, crude (per 1,000 people)",SP.DYN.CBRT.IN,Kazakhstan,KAZ,14.9
"Birth rate, crude (per 1,000 people)",SP.DYN.CBRT.IN,Kenya,KEN,38.668
"Birth rate, crude (per 1,000 people)",SP.DYN.CBRT.IN,Kiribati,KIR,27.806
"Birth rate, crude (per 1,000 people)",SP.DYN.CBRT.IN,"Korea, Dem. Rep.",PRK,17.414
"Birth rate, crude (per 1,000 people)",SP.DYN.CBRT.IN,"Korea, Rep.",KOR,11.6
"Birth rate, crude (per 1,000 people)",SP.DYN.CBRT.IN,Kosovo,KSV,21.74
"Birth rate, crude (per 1,000 people)",SP.DYN.CBRT.IN,Kuwait,KWT,23.147
"Birth rate, crude (per 1,000 people)",SP.DYN.CBRT.IN,Kyrgyz Republic,KGZ,19.8
"Birth rate, crude (per 1,000 people)",SP.DYN.CBRT.IN,Lao PDR,LAO,29.816
"Birth rate, crude (per 1,000 people)",SP.DYN.CBRT.IN,Latvia,LVA,8.3
"Birth rate, crude (per 1,000 people)",SP.DYN.CBRT.IN,Lebanon,LBN,17.631
"Birth rate, crude (per 1,000 people)",SP.DYN.CBRT.IN,Lesotho,LSO,30.83
"Birth rate, crude (per 1,000 people)",SP.DYN.CBRT.IN,Liberia,LBR,42.36
"Birth rate, crude (per 1,000 people)",SP.DYN.CBRT.IN,Libya,LBY,22.426
"Birth rate, crude (per 1,000 people)",SP.DYN.CBRT.IN,Liechtenstein,LIE,12.1
"Birth rate, crude (per 1,000 people)",SP.DYN.CBRT.IN,Lithuania,LTU,9.1
"Birth rate, crude (per 1,000 people)",SP.DYN.CBRT.IN,Luxembourg,LUX,12.4
"Birth rate, crude (per 1,000 people)",SP.DYN.CBRT.IN,"Macao SAR, China",MAC,8.476
"Birth rate, crude (per 1,000 people)",SP.DYN.CBRT.IN,"Macedonia, FYR",MKD,12.277
"Birth rate, crude (per 1,000 people)",SP.DYN.CBRT.IN,Madagascar,MDG,40.375
"Birth rate, crude (per 1,000 people)",SP.DYN.CBRT.IN,Malawi,MWI,44.608
"Birth rate, crude (per 1,000 people)",SP.DYN.CBRT.IN,Malaysia,MYS,21.68
"Birth rate, crude (per 1,000 people)",SP.DYN.CBRT.IN,Maldives,MDV,23.382
"Birth rate, crude (per 1,000 people)",SP.DYN.CBRT.IN,Mali,MLI,48.168
"Birth rate, crude (per 1,000 people)",SP.DYN.CBRT.IN,Malta,MLT,10.1
"Birth rate, crude (per 1,000 people)",SP.DYN.CBRT.IN,Marshall Islands,MHL,
"Birth rate, crude (per 1,000 people)",SP.DYN.CBRT.IN,Mauritania,MRT,37.873
"Birth rate, crude (per 1,000 people)",SP.DYN.CBRT.IN,Mauritius,MUS,16.4
"Birth rate, crude (per 1,000 people)",SP.DYN.CBRT.IN,Mexico,MEX,23.627
"Birth rate, crude (per 1,000 people)",SP.DYN.CBRT.IN,"Micronesia, Fed. Sts.",FSM,29.21
"Birth rate, crude (per 1,000 people)",SP.DYN.CBRT.IN,Moldova,MDA,11.623
"Birth rate, crude (per 1,000 people)",SP.DYN.CBRT.IN,Monaco,MCO,
"Birth rate, crude (per 1,000 people)",SP.DYN.CBRT.IN,Mongolia,MNG,19.061
"Birth rate, crude (per 1,000 people)",SP.DYN.CBRT.IN,Montenegro,MNE,13.231
"Birth rate, crude (per 1,000 people)",SP.DYN.CBRT.IN,Morocco,MAR,21.464
"Birth rate, crude (per 1,000 people)",SP.DYN.CBRT.IN,Mozambique,MOZ,44.502
"Birth rate, crude (per 1,000 people)",SP.DYN.CBRT.IN,Myanmar,MMR,20.424
"Birth rate, crude (per 1,000 people)",SP.DYN.CBRT.IN,Namibia,NAM,31.116
"Birth rate, crude (per 1,000 people)",SP.DYN.CBRT.IN,Nepal,NPL,32.088
"Birth rate, crude (per 1,000 people)",SP.DYN.CBRT.IN,Netherlands,NLD,12.6
"Birth rate, crude (per 1,000 people)",SP.DYN.CBRT.IN,New Caledonia,NCL,19.9
"Birth rate, crude (per 1,000 people)",SP.DYN.CBRT.IN,New Zealand,NZL,14.4
"Birth rate, crude (per 1,000 people)",SP.DYN.CBRT.IN,Nicaragua,NIC,27.19
"Birth rate, crude (per 1,000 people)",SP.DYN.CBRT.IN,Niger,NER,52.743
"Birth rate, crude (per 1,000 people)",SP.DYN.CBRT.IN,Nigeria,NGA,42.833
"Birth rate, crude (per 1,000 people)",SP.DYN.CBRT.IN,Northern Mariana Islands,MNP,
"Birth rate, crude (per 1,000 people)",SP.DYN.CBRT.IN,Norway,NOR,12.6
"Birth rate, crude (per 1,000 people)",SP.DYN.CBRT.IN,Oman,OMN,23.144
"Birth rate, crude (per 1,000 people)",SP.DYN.CBRT.IN,Pakistan,PAK,30.205
"Birth rate, crude (per 1,000 people)",SP.DYN.CBRT.IN,Palau,PLW,15.3
"Birth rate, crude (per 1,000 people)",SP.DYN.CBRT.IN,Panama,PAN,23.606
"Birth rate, crude (per 1,000 people)",SP.DYN.CBRT.IN,Papua New Guinea,PNG,34.551
"Birth rate, crude (per 1,000 people)",SP.DYN.CBRT.IN,Paraguay,PRY,27.561
"Birth rate, crude (per 1,000 people)",SP.DYN.CBRT.IN,Peru,PER,23.658
"Birth rate, crude (per 1,000 people)",SP.DYN.CBRT.IN,Philippines,PHL,29.261
"Birth rate, crude (per 1,000 people)",SP.DYN.CBRT.IN,Poland,POL,9.6
"Birth rate, crude (per 1,000 people)",SP.DYN.CBRT.IN,Portugal,PRT,11
"Birth rate, crude (per 1,000 people)",SP.DYN.CBRT.IN,Puerto Rico,PRI,14.59
"Birth rate, crude (per 1,000 people)",SP.DYN.CBRT.IN,Qatar,QAT,18.876
"Birth rate, crude (per 1,000 people)",SP.DYN.CBRT.IN,Romania,ROM,10
"Birth rate, crude (per 1,000 people)",SP.DYN.CBRT.IN,Russian Federation,RUS,9.1
"Birth rate, crude (per 1,000 people)",SP.DYN.CBRT.IN,Rwanda,RWA,40.238
"Birth rate, crude (per 1,000 people)",SP.DYN.CBRT.IN,Samoa,WSM,30.269
"Birth rate, crude (per 1,000 people)",SP.DYN.CBRT.IN,San Marino,SMR,
"Birth rate, crude (per 1,000 people)",SP.DYN.CBRT.IN,Sao Tome and Principe,STP,36.717
"Birth rate, crude (per 1,000 people)",SP.DYN.CBRT.IN,Saudi Arabia,SAU,26.174
"Birth rate, crude (per 1,000 people)",SP.DYN.CBRT.IN,Senegal,SEN,39.794
"Birth rate, crude (per 1,000 people)",SP.DYN.CBRT.IN,Serbia,SRB,10.5
"Birth rate, crude (per 1,000 people)",SP.DYN.CBRT.IN,Seychelles,SYC,17.7
"Birth rate, crude (per 1,000 people)",SP.DYN.CBRT.IN,Sierra Leone,SLE,43.546
"Birth rate, crude (per 1,000 people)",SP.DYN.CBRT.IN,Singapore,SGP,11.8
"Birth rate, crude (per 1,000 people)",SP.DYN.CBRT.IN,Sint Maarten (Dutch part),SXM,
"Birth rate, crude (per 1,000 people)",SP.DYN.CBRT.IN,Slovak Republic,SVK,9.5
"Birth rate, crude (per 1,000 people)",SP.DYN.CBRT.IN,Slovenia,SVN,8.8
"Birth rate, crude (per 1,000 people)",SP.DYN.CBRT.IN,Solomon Islands,SLB,35.397
"Birth rate, crude (per 1,000 people)",SP.DYN.CBRT.IN,Somalia,SOM,48.223
"Birth rate, crude (per 1,000 people)",SP.DYN.CBRT.IN,South Africa,ZAF,23.835
"Birth rate, crude (per 1,000 people)",SP.DYN.CBRT.IN,South Sudan,SSD,41.966
"Birth rate, crude (per 1,000 people)",SP.DYN.CBRT.IN,Spain,ESP,10
"Birth rate, crude (per 1,000 people)",SP.DYN.CBRT.IN,Sri Lanka,LKA,18.49
"Birth rate, crude (per 1,000 people)",SP.DYN.CBRT.IN,St. Kitts and Nevis,KNA,17.3
"Birth rate, crude (per 1,000 people)",SP.DYN.CBRT.IN,St. Lucia,LCA,18.895
"Birth rate, crude (per 1,000 people)",SP.DYN.CBRT.IN,St. Martin (French part),MAF,17
"Birth rate, crude (per 1,000 people)",SP.DYN.CBRT.IN,St. Vincent and the Grenadines,VCT,19.39
"Birth rate, crude (per 1,000 people)",SP.DYN.CBRT.IN,Sudan,SDN,39.436
"Birth rate, crude (per 1,000 people)",SP.DYN.CBRT.IN,Suriname,SUR,22.134
"Birth rate, crude (per 1,000 people)",SP.DYN.CBRT.IN,Swaziland,SWZ,32.131
"Birth rate, crude (per 1,000 people)",SP.DYN.CBRT.IN,Sweden,SWE,10.3
"Birth rate, crude (per 1,000 people)",SP.DYN.CBRT.IN,Switzerland,CHE,10
"Birth rate, crude (per 1,000 people)",SP.DYN.CBRT.IN,Syrian Arab Republic,SYR,29.81
"Birth rate, crude (per 1,000 people)",SP.DYN.CBRT.IN,Tajikistan,TJK,29.864
"Birth rate, crude (per 1,000 people)",SP.DYN.CBRT.IN,Tanzania,TZA,41.716
"Birth rate, crude (per 1,000 people)",SP.DYN.CBRT.IN,Thailand,THA,14.152
"Birth rate, crude (per 1,000 people)",SP.DYN.CBRT.IN,Timor-Leste,TMP,41.288
"Birth rate, crude (per 1,000 people)",SP.DYN.CBRT.IN,Togo,TGO,38.801
"Birth rate, crude (per 1,000 people)",SP.DYN.CBRT.IN,Tonga,TON,28.412
"Birth rate, crude (per 1,000 people)",SP.DYN.CBRT.IN,Trinidad and Tobago,TTO,14.733
"Birth rate, crude (per 1,000 people)",SP.DYN.CBRT.IN,Tunisia,TUN,16.9
"Birth rate, crude (per 1,000 people)",SP.DYN.CBRT.IN,Turkey,TUR,21.021
"Birth rate, crude (per 1,000 people)",SP.DYN.CBRT.IN,Turkmenistan,TKM,23.351
"Birth rate, crude (per 1,000 people)",SP.DYN.CBRT.IN,Turks and Caicos Islands,TCA,
"Birth rate, crude (per 1,000 people)",SP.DYN.CBRT.IN,Tuvalu,TUV,
"Birth rate, crude (per 1,000 people)",SP.DYN.CBRT.IN,Uganda,UGA,48.015
"Birth rate, crude (per 1,000 people)",SP.DYN.CBRT.IN,Ukraine,UKR,7.7
"Birth rate, crude (per 1,000 people)",SP.DYN.CBRT.IN,United Arab Emirates,ARE,16.438
"Birth rate, crude (per 1,000 people)",SP.DYN.CBRT.IN,United Kingdom,GBR,11.3
"Birth rate, crude (per 1,000 people)",SP.DYN.CBRT.IN,United States,USA,14.1
"Birth rate, crude (per 1,000 people)",SP.DYN.CBRT.IN,Uruguay,URY,16.205
"Birth rate, crude (per 1,000 people)",SP.DYN.CBRT.IN,Uzbekistan,UZB,20.5472325477457
"Birth rate, crude (per 1,000 people)",SP.DYN.CBRT.IN,Vanuatu,VUT,31.842
"Birth rate, crude (per 1,000 people)",SP.DYN.CBRT.IN,"Venezuela, RB",VEN,23.282
"Birth rate, crude (per 1,000 people)",SP.DYN.CBRT.IN,Vietnam,VNM,17.031
"Birth rate, crude (per 1,000 people)",SP.DYN.CBRT.IN,Virgin Islands (U.S.),VIR,13.17
"Birth rate, crude (per 1,000 people)",SP.DYN.CBRT.IN,West Bank and Gaza,WBG,40.2
"Birth rate, crude (per 1,000 people)",SP.DYN.CBRT.IN,"Yemen, Rep.",YEM,38.592
"Birth rate, crude (per 1,000 people)",SP.DYN.CBRT.IN,Zambia,ZMB,45.3
"Birth rate, crude (per 1,000 people)",SP.DYN.CBRT.IN,Zimbabwe,ZWE,32.028
"Death rate, crude (per 1,000 people)",SP.DYN.CDRT.IN,Afghanistan,AFG,11.988
"Death rate, crude (per 1,000 people)",SP.DYN.CDRT.IN,Albania,ALB,5.677
"Death rate, crude (per 1,000 people)",SP.DYN.CDRT.IN,Algeria,DZA,5.26
"Death rate, crude (per 1,000 people)",SP.DYN.CDRT.IN,American Samoa,ASM,
"Death rate, crude (per 1,000 people)",SP.DYN.CDRT.IN,Andorra,ADO,
"Death rate, crude (per 1,000 people)",SP.DYN.CDRT.IN,Angola,AGO,18.753
"Death rate, crude (per 1,000 people)",SP.DYN.CDRT.IN,Antigua and Barbuda,ATG,6.721
"Death rate, crude (per 1,000 people)",SP.DYN.CDRT.IN,Argentina,ARG,7.801
"Death rate, crude (per 1,000 people)",SP.DYN.CDRT.IN,Armenia,ARM,8.435
"Death rate, crude (per 1,000 people)",SP.DYN.CDRT.IN,Aruba,ABW,7.02
"Death rate, crude (per 1,000 people)",SP.DYN.CDRT.IN,Australia,AUS,6.6
"Death rate, crude (per 1,000 people)",SP.DYN.CDRT.IN,Austria,AUT,9.3
"Death rate, crude (per 1,000 people)",SP.DYN.CDRT.IN,Azerbaijan,AZE,5.7
"Death rate, crude (per 1,000 people)",SP.DYN.CDRT.IN,"Bahamas, The",BHS,5.585
"Death rate, crude (per 1,000 people)",SP.DYN.CDRT.IN,Bahrain,BHR,2.733
"Death rate, crude (per 1,000 people)",SP.DYN.CDRT.IN,Bangladesh,BGD,7.046
"Death rate, crude (per 1,000 people)",SP.DYN.CDRT.IN,Barbados,BRB,9.97
"Death rate, crude (per 1,000 people)",SP.DYN.CDRT.IN,Belarus,BLR,14.1
"Death rate, crude (per 1,000 people)",SP.DYN.CDRT.IN,Belgium,BEL,10.1
"Death rate, crude (per 1,000 people)",SP.DYN.CDRT.IN,Belize,BLZ,5.393
"Death rate, crude (per 1,000 people)",SP.DYN.CDRT.IN,Benin,BEN,12.126
"Death rate, crude (per 1,000 people)",SP.DYN.CDRT.IN,Bermuda,BMU,7.1
"Death rate, crude (per 1,000 people)",SP.DYN.CDRT.IN,Bhutan,BTN,8.593
"Death rate, crude (per 1,000 people)",SP.DYN.CDRT.IN,Bolivia,BOL,8.287
"Death rate, crude (per 1,000 people)",SP.DYN.CDRT.IN,Bosnia and Herzegovina,BIH,7.675
"Death rate, crude (per 1,000 people)",SP.DYN.CDRT.IN,Botswana,BWA,14.166
"Death rate, crude (per 1,000 people)",SP.DYN.CDRT.IN,Brazil,BRA,6.367
"Death rate, crude (per 1,000 people)",SP.DYN.CDRT.IN,Brunei Darussalam,BRN,2.797
"Death rate, crude (per 1,000 people)",SP.DYN.CDRT.IN,Bulgaria,BGR,14
"Death rate, crude (per 1,000 people)",SP.DYN.CDRT.IN,Burkina Faso,BFA,15.151
"Death rate, crude (per 1,000 people)",SP.DYN.CDRT.IN,Burundi,BDI,15.554
"Death rate, crude (per 1,000 people)",SP.DYN.CDRT.IN,Cambodia,KHM,8.161
"Death rate, crude (per 1,000 people)",SP.DYN.CDRT.IN,Cameroon,CMR,13.991
"Death rate, crude (per 1,000 people)",SP.DYN.CDRT.IN,Canada,CAN,7.1
"Death rate, crude (per 1,000 people)",SP.DYN.CDRT.IN,Cape Verde,CPV,5.972
"Death rate, crude (per 1,000 people)",SP.DYN.CDRT.IN,Cayman Islands,CYM,
"Death rate, crude (per 1,000 people)",SP.DYN.CDRT.IN,Central African Republic,CAF,19.451
"Death rate, crude (per 1,000 people)",SP.DYN.CDRT.IN,Chad,TCD,18.074
"Death rate, crude (per 1,000 people)",SP.DYN.CDRT.IN,Channel Islands,CHI,9.597
"Death rate, crude (per 1,000 people)",SP.DYN.CDRT.IN,Chile,CHL,5.063
"Death rate, crude (per 1,000 people)",SP.DYN.CDRT.IN,China,CHN,6.43
"Death rate, crude (per 1,000 people)",SP.DYN.CDRT.IN,Colombia,COL,5.62
"Death rate, crude (per 1,000 people)",SP.DYN.CDRT.IN,Comoros,COM,10.404
"Death rate, crude (per 1,000 people)",SP.DYN.CDRT.IN,"Congo, Dem. Rep.",ZAR,18.396
"Death rate, crude (per 1,000 people)",SP.DYN.CDRT.IN,"Congo, Rep.",COG,13.655
"Death rate, crude (per 1,000 people)",SP.DYN.CDRT.IN,Costa Rica,CRI,3.954
"Death rate, crude (per 1,000 people)",SP.DYN.CDRT.IN,Cote d'Ivoire,CIV,17.317
"Death rate, crude (per 1,000 people)",SP.DYN.CDRT.IN,Croatia,HRV,11.2
"Death rate, crude (per 1,000 people)",SP.DYN.CDRT.IN,Cuba,CUB,7.117
"Death rate, crude (per 1,000 people)",SP.DYN.CDRT.IN,Curacao,CUW,
"Death rate, crude (per 1,000 people)",SP.DYN.CDRT.IN,Cyprus,CYP,6.814
"Death rate, crude (per 1,000 people)",SP.DYN.CDRT.IN,Czech Republic,CZE,10.5
"Death rate, crude (per 1,000 people)",SP.DYN.CDRT.IN,Denmark,DNK,10.9
"Death rate, crude (per 1,000 people)",SP.DYN.CDRT.IN,Djibouti,DJI,10.219
"Death rate, crude (per 1,000 people)",SP.DYN.CDRT.IN,Dominica,DMA,
"Death rate, crude (per 1,000 people)",SP.DYN.CDRT.IN,Dominican Republic,DOM,5.975
"Death rate, crude (per 1,000 people)",SP.DYN.CDRT.IN,Ecuador,ECU,5.018
"Death rate, crude (per 1,000 people)",SP.DYN.CDRT.IN,"Egypt, Arab Rep.",EGY,6.879
"Death rate, crude (per 1,000 people)",SP.DYN.CDRT.IN,El Salvador,SLV,6.454
"Death rate, crude (per 1,000 people)",SP.DYN.CDRT.IN,Equatorial Guinea,GNQ,17.204
"Death rate, crude (per 1,000 people)",SP.DYN.CDRT.IN,Eritrea,ERI,9.247
"Death rate, crude (per 1,000 people)",SP.DYN.CDRT.IN,Estonia,EST,13.6
"Death rate, crude (per 1,000 people)",SP.DYN.CDRT.IN,Ethiopia,ETH,13.323
"Death rate, crude (per 1,000 people)",SP.DYN.CDRT.IN,Faeroe Islands,FRO,
"Death rate, crude (per 1,000 people)",SP.DYN.CDRT.IN,Fiji,FJI,6.129
"Death rate, crude (per 1,000 people)",SP.DYN.CDRT.IN,Finland,FIN,9.4
"Death rate, crude (per 1,000 people)",SP.DYN.CDRT.IN,France,FRA,8.8
"Death rate, crude (per 1,000 people)",SP.DYN.CDRT.IN,French Polynesia,PYF,4.795
"Death rate, crude (per 1,000 people)",SP.DYN.CDRT.IN,Gabon,GAB,11.134
"Death rate, crude (per 1,000 people)",SP.DYN.CDRT.IN,"Gambia, The",GMB,11.944
"Death rate, crude (per 1,000 people)",SP.DYN.CDRT.IN,Georgia,GEO,10.078
"Death rate, crude (per 1,000 people)",SP.DYN.CDRT.IN,Germany,DEU,10.1
"Death rate, crude (per 1,000 people)",SP.DYN.CDRT.IN,Ghana,GHA,10.612
"Death rate, crude (per 1,000 people)",SP.DYN.CDRT.IN,Greece,GRC,9.4
"Death rate, crude (per 1,000 people)",SP.DYN.CDRT.IN,Greenland,GRL,7.77284826974268
"Death rate, crude (per 1,000 people)",SP.DYN.CDRT.IN,Grenada,GRD,8.146
"Death rate, crude (per 1,000 people)",SP.DYN.CDRT.IN,Guam,GUM,4.566
"Death rate, crude (per 1,000 people)",SP.DYN.CDRT.IN,Guatemala,GTM,6.272
"Death rate, crude (per 1,000 people)",SP.DYN.CDRT.IN,Guinea,GIN,15.083
"Death rate, crude (per 1,000 people)",SP.DYN.CDRT.IN,Guinea-Bissau,GNB,14.653
"Death rate, crude (per 1,000 people)",SP.DYN.CDRT.IN,Guyana,GUY,8.984
"Death rate, crude (per 1,000 people)",SP.DYN.CDRT.IN,Haiti,HTI,10.806
"Death rate, crude (per 1,000 people)",SP.DYN.CDRT.IN,Honduras,HND,5.325
"Death rate, crude (per 1,000 people)",SP.DYN.CDRT.IN,"Hong Kong SAR, China",HKG,5
"Death rate, crude (per 1,000 people)",SP.DYN.CDRT.IN,Hungary,HUN,13
"Death rate, crude (per 1,000 people)",SP.DYN.CDRT.IN,Iceland,ISL,6.1
"Death rate, crude (per 1,000 people)",SP.DYN.CDRT.IN,India,IND,8.76
"Death rate, crude (per 1,000 people)",SP.DYN.CDRT.IN,Indonesia,IDN,6.735
"Death rate, crude (per 1,000 people)",SP.DYN.CDRT.IN,"Iran, Islamic Rep.",IRN,5.234
"Death rate, crude (per 1,000 people)",SP.DYN.CDRT.IN,Iraq,IRQ,5.092
"Death rate, crude (per 1,000 people)",SP.DYN.CDRT.IN,Ireland,IRL,7.8
"Death rate, crude (per 1,000 people)",SP.DYN.CDRT.IN,Isle of Man,IMY,
"Death rate, crude (per 1,000 people)",SP.DYN.CDRT.IN,Israel,ISR,5.8
"Death rate, crude (per 1,000 people)",SP.DYN.CDRT.IN,Italy,ITA,9.7
"Death rate, crude (per 1,000 people)",SP.DYN.CDRT.IN,Jamaica,JAM,6.2
"Death rate, crude (per 1,000 people)",SP.DYN.CDRT.IN,Japan,JPN,7.7
"Death rate, crude (per 1,000 people)",SP.DYN.CDRT.IN,Jordan,JOR,4.084
"Death rate, crude (per 1,000 people)",SP.DYN.CDRT.IN,Kazakhstan,KAZ,10
"Death rate, crude (per 1,000 people)",SP.DYN.CDRT.IN,Kenya,KEN,12.284
"Death rate, crude (per 1,000 people)",SP.DYN.CDRT.IN,Kiribati,KIR,6.95
"Death rate, crude (per 1,000 people)",SP.DYN.CDRT.IN,"Korea, Dem. Rep.",PRK,8.926
"Death rate, crude (per 1,000 people)",SP.DYN.CDRT.IN,"Korea, Rep.",KOR,5.1
"Death rate, crude (per 1,000 people)",SP.DYN.CDRT.IN,Kosovo,KSV,7.05
"Death rate, crude (per 1,000 people)",SP.DYN.CDRT.IN,Kuwait,KWT,3.146
"Death rate, crude (per 1,000 people)",SP.DYN.CDRT.IN,Kyrgyz Republic,KGZ,6.5
"Death rate, crude (per 1,000 people)",SP.DYN.CDRT.IN,Lao PDR,LAO,8.105
"Death rate, crude (per 1,000 people)",SP.DYN.CDRT.IN,Latvia,LVA,14
"Death rate, crude (per 1,000 people)",SP.DYN.CDRT.IN,Lebanon,LBN,5.366
"Death rate, crude (per 1,000 people)",SP.DYN.CDRT.IN,Lesotho,LSO,17.439
"Death rate, crude (per 1,000 people)",SP.DYN.CDRT.IN,Liberia,LBR,13.966
"Death rate, crude (per 1,000 people)",SP.DYN.CDRT.IN,Libya,LBY,4.4
"Death rate, crude (per 1,000 people)",SP.DYN.CDRT.IN,Liechtenstein,LIE,6.6
"Death rate, crude (per 1,000 people)",SP.DYN.CDRT.IN,Lithuania,LTU,11.6
"Death rate, crude (per 1,000 people)",SP.DYN.CDRT.IN,Luxembourg,LUX,8.4
"Death rate, crude (per 1,000 people)",SP.DYN.CDRT.IN,"Macao SAR, China",MAC,4.875
"Death rate, crude (per 1,000 people)",SP.DYN.CDRT.IN,"Macedonia, FYR",MKD,8.4
"Death rate, crude (per 1,000 people)",SP.DYN.CDRT.IN,Madagascar,MDG,9.786
"Death rate, crude (per 1,000 people)",SP.DYN.CDRT.IN,Malawi,MWI,17.269
"Death rate, crude (per 1,000 people)",SP.DYN.CDRT.IN,Malaysia,MYS,4.398
"Death rate, crude (per 1,000 people)",SP.DYN.CDRT.IN,Maldives,MDV,4.798
"Death rate, crude (per 1,000 people)",SP.DYN.CDRT.IN,Mali,MLI,17.35
"Death rate, crude (per 1,000 people)",SP.DYN.CDRT.IN,Malta,MLT,7.4
"Death rate, crude (per 1,000 people)",SP.DYN.CDRT.IN,Marshall Islands,MHL,
"Death rate, crude (per 1,000 people)",SP.DYN.CDRT.IN,Mauritania,MRT,9.689
"Death rate, crude (per 1,000 people)",SP.DYN.CDRT.IN,Mauritius,MUS,6.7
"Death rate, crude (per 1,000 people)",SP.DYN.CDRT.IN,Mexico,MEX,4.597
"Death rate, crude (per 1,000 people)",SP.DYN.CDRT.IN,"Micronesia, Fed. Sts.",FSM,6.331
"Death rate, crude (per 1,000 people)",SP.DYN.CDRT.IN,Moldova,MDA,12.449
"Death rate, crude (per 1,000 people)",SP.DYN.CDRT.IN,Monaco,MCO,
"Death rate, crude (per 1,000 people)",SP.DYN.CDRT.IN,Mongolia,MNG,7.491
"Death rate, crude (per 1,000 people)",SP.DYN.CDRT.IN,Montenegro,MNE,9.112
"Death rate, crude (per 1,000 people)",SP.DYN.CDRT.IN,Morocco,MAR,6.081
"Death rate, crude (per 1,000 people)",SP.DYN.CDRT.IN,Mozambique,MOZ,16.903
"Death rate, crude (per 1,000 people)",SP.DYN.CDRT.IN,Myanmar,MMR,8.728
"Death rate, crude (per 1,000 people)",SP.DYN.CDRT.IN,Namibia,NAM,11.577
"Death rate, crude (per 1,000 people)",SP.DYN.CDRT.IN,Nepal,NPL,8.488
"Death rate, crude (per 1,000 people)",SP.DYN.CDRT.IN,Netherlands,NLD,8.7
"Death rate, crude (per 1,000 people)",SP.DYN.CDRT.IN,New Caledonia,NCL,5.2
"Death rate, crude (per 1,000 people)",SP.DYN.CDRT.IN,New Zealand,NZL,7.12
"Death rate, crude (per 1,000 people)",SP.DYN.CDRT.IN,Nicaragua,NIC,5.133
"Death rate, crude (per 1,000 people)",SP.DYN.CDRT.IN,Niger,NER,16.202
"Death rate, crude (per 1,000 people)",SP.DYN.CDRT.IN,Nigeria,NGA,17.374
"Death rate, crude (per 1,000 people)",SP.DYN.CDRT.IN,Northern Mariana Islands,MNP,
"Death rate, crude (per 1,000 people)",SP.DYN.CDRT.IN,Norway,NOR,9.7
"Death rate, crude (per 1,000 people)",SP.DYN.CDRT.IN,Oman,OMN,3.386
"Death rate, crude (per 1,000 people)",SP.DYN.CDRT.IN,Pakistan,PAK,7.853
"Death rate, crude (per 1,000 people)",SP.DYN.CDRT.IN,Palau,PLW,7
"Death rate, crude (per 1,000 people)",SP.DYN.CDRT.IN,Panama,PAN,4.782
"Death rate, crude (per 1,000 people)",SP.DYN.CDRT.IN,Papua New Guinea,PNG,8.984
"Death rate, crude (per 1,000 people)",SP.DYN.CDRT.IN,Paraguay,PRY,5.725
"Death rate, crude (per 1,000 people)",SP.DYN.CDRT.IN,Peru,PER,5.675
"Death rate, crude (per 1,000 people)",SP.DYN.CDRT.IN,Philippines,PHL,6.093
"Death rate, crude (per 1,000 people)",SP.DYN.CDRT.IN,Poland,POL,9.5
"Death rate, crude (per 1,000 people)",SP.DYN.CDRT.IN,Portugal,PRT,10.2
"Death rate, crude (per 1,000 people)",SP.DYN.CDRT.IN,Puerto Rico,PRI,7.5
"Death rate, crude (per 1,000 people)",SP.DYN.CDRT.IN,Qatar,QAT,1.961
"Death rate, crude (per 1,000 people)",SP.DYN.CDRT.IN,Romania,ROM,11.7
"Death rate, crude (per 1,000 people)",SP.DYN.CDRT.IN,Russian Federation,RUS,15.6
"Death rate, crude (per 1,000 people)",SP.DYN.CDRT.IN,Rwanda,RWA,13.121
"Death rate, crude (per 1,000 people)",SP.DYN.CDRT.IN,Samoa,WSM,6.007
"Death rate, crude (per 1,000 people)",SP.DYN.CDRT.IN,San Marino,SMR,
"Death rate, crude (per 1,000 people)",SP.DYN.CDRT.IN,Sao Tome and Principe,STP,8.522
"Death rate, crude (per 1,000 people)",SP.DYN.CDRT.IN,Saudi Arabia,SAU,3.928
"Death rate, crude (per 1,000 people)",SP.DYN.CDRT.IN,Senegal,SEN,10.515
"Death rate, crude (per 1,000 people)",SP.DYN.CDRT.IN,Serbia,SRB,13.2
"Death rate, crude (per 1,000 people)",SP.DYN.CDRT.IN,Seychelles,SYC,6.8
"Death rate, crude (per 1,000 people)",SP.DYN.CDRT.IN,Sierra Leone,SLE,23.588
"Death rate, crude (per 1,000 people)",SP.DYN.CDRT.IN,Singapore,SGP,4.4
"Death rate, crude (per 1,000 people)",SP.DYN.CDRT.IN,Sint Maarten (Dutch part),SXM,
"Death rate, crude (per 1,000 people)",SP.DYN.CDRT.IN,Slovak Republic,SVK,9.7
"Death rate, crude (per 1,000 people)",SP.DYN.CDRT.IN,Slovenia,SVN,9.3
"Death rate, crude (per 1,000 people)",SP.DYN.CDRT.IN,Solomon Islands,SLB,7.408
"Death rate, crude (per 1,000 people)",SP.DYN.CDRT.IN,Somalia,SOM,15.308
"Death rate, crude (per 1,000 people)",SP.DYN.CDRT.IN,South Africa,ZAF,12.463
"Death rate, crude (per 1,000 people)",SP.DYN.CDRT.IN,South Sudan,SSD,15.594
"Death rate, crude (per 1,000 people)",SP.DYN.CDRT.IN,Spain,ESP,8.8
"Death rate, crude (per 1,000 people)",SP.DYN.CDRT.IN,Sri Lanka,LKA,6.706
"Death rate, crude (per 1,000 people)",SP.DYN.CDRT.IN,St. Kitts and Nevis,KNA,7.6
"Death rate, crude (per 1,000 people)",SP.DYN.CDRT.IN,St. Lucia,LCA,7.315
"Death rate, crude (per 1,000 people)",SP.DYN.CDRT.IN,St. Martin (French part),MAF,3
"Death rate, crude (per 1,000 people)",SP.DYN.CDRT.IN,St. Vincent and the Grenadines,VCT,7.387
"Death rate, crude (per 1,000 people)",SP.DYN.CDRT.IN,Sudan,SDN,10.313
"Death rate, crude (per 1,000 people)",SP.DYN.CDRT.IN,Suriname,SUR,7.559
"Death rate, crude (per 1,000 people)",SP.DYN.CDRT.IN,Swaziland,SWZ,14.742
"Death rate, crude (per 1,000 people)",SP.DYN.CDRT.IN,Sweden,SWE,10.5
"Death rate, crude (per 1,000 people)",SP.DYN.CDRT.IN,Switzerland,CHE,8.5
"Death rate, crude (per 1,000 people)",SP.DYN.CDRT.IN,Syrian Arab Republic,SYR,3.598
"Death rate, crude (per 1,000 people)",SP.DYN.CDRT.IN,Tajikistan,TJK,7.505
"Death rate, crude (per 1,000 people)",SP.DYN.CDRT.IN,Tanzania,TZA,14.1
"Death rate, crude (per 1,000 people)",SP.DYN.CDRT.IN,Thailand,THA,6.861
"Death rate, crude (per 1,000 people)",SP.DYN.CDRT.IN,Timor-Leste,TMP,8.925
"Death rate, crude (per 1,000 people)",SP.DYN.CDRT.IN,Togo,TGO,12.528
"Death rate, crude (per 1,000 people)",SP.DYN.CDRT.IN,Tonga,TON,6.257
"Death rate, crude (per 1,000 people)",SP.DYN.CDRT.IN,Trinidad and Tobago,TTO,8.172
"Death rate, crude (per 1,000 people)",SP.DYN.CDRT.IN,Tunisia,TUN,5.5
"Death rate, crude (per 1,000 people)",SP.DYN.CDRT.IN,Turkey,TUR,6.265
"Death rate, crude (per 1,000 people)",SP.DYN.CDRT.IN,Turkmenistan,TKM,7.686
"Death rate, crude (per 1,000 people)",SP.DYN.CDRT.IN,Turks and Caicos Islands,TCA,
"Death rate, crude (per 1,000 people)",SP.DYN.CDRT.IN,Tuvalu,TUV,
"Death rate, crude (per 1,000 people)",SP.DYN.CDRT.IN,Uganda,UGA,15.03
"Death rate, crude (per 1,000 people)",SP.DYN.CDRT.IN,Ukraine,UKR,15.3
"Death rate, crude (per 1,000 people)",SP.DYN.CDRT.IN,United Arab Emirates,ARE,1.826
"Death rate, crude (per 1,000 people)",SP.DYN.CDRT.IN,United Kingdom,GBR,10.2
"Death rate, crude (per 1,000 people)",SP.DYN.CDRT.IN,United States,USA,8.5
"Death rate, crude (per 1,000 people)",SP.DYN.CDRT.IN,Uruguay,URY,9.413
"Death rate, crude (per 1,000 people)",SP.DYN.CDRT.IN,Uzbekistan,UZB,5.30923344642423
"Death rate, crude (per 1,000 people)",SP.DYN.CDRT.IN,Vanuatu,VUT,6.026
"Death rate, crude (per 1,000 people)",SP.DYN.CDRT.IN,"Venezuela, RB",VEN,5.002
"Death rate, crude (per 1,000 people)",SP.DYN.CDRT.IN,Vietnam,VNM,5.383
"Death rate, crude (per 1,000 people)",SP.DYN.CDRT.IN,Virgin Islands (U.S.),VIR,5.56
"Death rate, crude (per 1,000 people)",SP.DYN.CDRT.IN,West Bank and Gaza,WBG,4.4
"Death rate, crude (per 1,000 people)",SP.DYN.CDRT.IN,"Yemen, Rep.",YEM,9.022
"Death rate, crude (per 1,000 people)",SP.DYN.CDRT.IN,Zambia,ZMB,19.159
"Death rate, crude (per 1,000 people)",SP.DYN.CDRT.IN,Zimbabwe,ZWE,17.33
"Life expectancy at birth, total (years)",SP.DYN.LE00.IN,Afghanistan,AFG,55.2562195121951
"Life expectancy at birth, total (years)",SP.DYN.LE00.IN,Albania,ALB,74.7342195121951
"Life expectancy at birth, total (years)",SP.DYN.LE00.IN,Algeria,DZA,69.1204390243903
"Life expectancy at birth, total (years)",SP.DYN.LE00.IN,American Samoa,ASM,
"Life expectancy at birth, total (years)",SP.DYN.LE00.IN,Andorra,ADO,
"Life expectancy at birth, total (years)",SP.DYN.LE00.IN,Angola,AGO,45.9731463414634
"Life expectancy at birth, total (years)",SP.DYN.LE00.IN,Antigua and Barbuda,ATG,73.6060731707317
"Life expectancy at birth, total (years)",SP.DYN.LE00.IN,Argentina,ARG,73.9536829268293
"Life expectancy at birth, total (years)",SP.DYN.LE00.IN,Armenia,ARM,71.7556585365854
"Life expectancy at birth, total (years)",SP.DYN.LE00.IN,Aruba,ABW,73.7829024390244
"Life expectancy at birth, total (years)",SP.DYN.LE00.IN,Australia,AUS,79.6341463414634
"Life expectancy at birth, total (years)",SP.DYN.LE00.IN,Austria,AUT,78.5268292682927
"Life expectancy at birth, total (years)",SP.DYN.LE00.IN,Azerbaijan,AZE,67.1502926829268
"Life expectancy at birth, total (years)",SP.DYN.LE00.IN,"Bahamas, The",BHS,72.5450975609756
"Life expectancy at birth, total (years)",SP.DYN.LE00.IN,Bahrain,BHR,74.7767073170732
"Life expectancy at birth, total (years)",SP.DYN.LE00.IN,Bangladesh,BGD,65.7903414634146
"Life expectancy at birth, total (years)",SP.DYN.LE00.IN,Barbados,BRB,73.2128780487805
"Life expectancy at birth, total (years)",SP.DYN.LE00.IN,Belarus,BLR,68.5073170731707
"Life expectancy at birth, total (years)",SP.DYN.LE00.IN,Belgium,BEL,77.9731707317073
"Life expectancy at birth, total (years)",SP.DYN.LE00.IN,Belize,BLZ,70.8244390243902
"Life expectancy at birth, total (years)",SP.DYN.LE00.IN,Benin,BEN,55.4664878048781
"Life expectancy at birth, total (years)",SP.DYN.LE00.IN,Bermuda,BMU,
"Life expectancy at birth, total (years)",SP.DYN.LE00.IN,Bhutan,BTN,61.044756097561
"Life expectancy at birth, total (years)",SP.DYN.LE00.IN,Bolivia,BOL,63.3155365853659
"Life expectancy at birth, total (years)",SP.DYN.LE00.IN,Bosnia and Herzegovina,BIH,74.9210975609756
"Life expectancy at birth, total (years)",SP.DYN.LE00.IN,Botswana,BWA,49.4111707317073
"Life expectancy at birth, total (years)",SP.DYN.LE00.IN,Brazil,BRA,70.5696585365854
"Life expectancy at birth, total (years)",SP.DYN.LE00.IN,Brunei Darussalam,BRN,76.2388048780488
"Life expectancy at birth, total (years)",SP.DYN.LE00.IN,Bulgaria,BGR,71.7682926829268
"Life expectancy at birth, total (years)",SP.DYN.LE00.IN,Burkina Faso,BFA,50.8580731707317
"Life expectancy at birth, total (years)",SP.DYN.LE00.IN,Burundi,BDI,48.4949268292683
"Life expectancy at birth, total (years)",SP.DYN.LE00.IN,Cambodia,KHM,62.8750243902439
"Life expectancy at birth, total (years)",SP.DYN.LE00.IN,Cameroon,CMR,51.7571951219512
"Life expectancy at birth, total (years)",SP.DYN.LE00.IN,Canada,CAN,79.4878048780488
"Life expectancy at birth, total (years)",SP.DYN.LE00.IN,Cape Verde,CPV,70.0477804878049
"Life expectancy at birth, total (years)",SP.DYN.LE00.IN,Cayman Islands,CYM,
"Life expectancy at birth, total (years)",SP.DYN.LE00.IN,Central African Republic,CAF,43.7873902439024
"Life expectancy at birth, total (years)",SP.DYN.LE00.IN,Chad,TCD,46.7870243902439
"Life expectancy at birth, total (years)",SP.DYN.LE00.IN,Channel Islands,CHI,77.7852195121951
"Life expectancy at birth, total (years)",SP.DYN.LE00.IN,Chile,CHL,77.1310487804878
"Life expectancy at birth, total (years)",SP.DYN.LE00.IN,China,CHN,72.6197804878049
"Life expectancy at birth, total (years)",SP.DYN.LE00.IN,Colombia,COL,71.2579024390244
"Life expectancy at birth, total (years)",SP.DYN.LE00.IN,Comoros,COM,58.1138048780488
"Life expectancy at birth, total (years)",SP.DYN.LE00.IN,"Congo, Dem. Rep.",ZAR,46.6780487804878
"Life expectancy at birth, total (years)",SP.DYN.LE00.IN,"Congo, Rep.",COG,52.441243902439
"Life expectancy at birth, total (years)",SP.DYN.LE00.IN,Costa Rica,CRI,77.8958048780488
"Life expectancy at birth, total (years)",SP.DYN.LE00.IN,Cote d'Ivoire,CIV,46.2731219512195
"Life expectancy at birth, total (years)",SP.DYN.LE00.IN,Croatia,HRV,74.5129268292683
"Life expectancy at birth, total (years)",SP.DYN.LE00.IN,Cuba,CUB,76.8718048780488
"Life expectancy at birth, total (years)",SP.DYN.LE00.IN,Curacao,CUW,
"Life expectancy at birth, total (years)",SP.DYN.LE00.IN,Cyprus,CYP,78.1019756097561
"Life expectancy at birth, total (years)",SP.DYN.LE00.IN,Czech Republic,CZE,75.1731707317073
"Life expectancy at birth, total (years)",SP.DYN.LE00.IN,Denmark,DNK,76.7926829268293
"Life expectancy at birth, total (years)",SP.DYN.LE00.IN,Djibouti,DJI,57.088243902439
"Life expectancy at birth, total (years)",SP.DYN.LE00.IN,Dominica,DMA,
"Life expectancy at birth, total (years)",SP.DYN.LE00.IN,Dominican Republic,DOM,70.8374390243903
"Life expectancy at birth, total (years)",SP.DYN.LE00.IN,Ecuador,ECU,73.6973902439024
"Life expectancy at birth, total (years)",SP.DYN.LE00.IN,"Egypt, Arab Rep.",EGY,68.7864390243902
"Life expectancy at birth, total (years)",SP.DYN.LE00.IN,El Salvador,SLV,69.7508292682927
"Life expectancy at birth, total (years)",SP.DYN.LE00.IN,Equatorial Guinea,GNQ,47.8377317073171
"Life expectancy at birth, total (years)",SP.DYN.LE00.IN,Eritrea,ERI,56.5898536585366
"Life expectancy at birth, total (years)",SP.DYN.LE00.IN,Estonia,EST,70.2585365853659
"Life expectancy at birth, total (years)",SP.DYN.LE00.IN,Ethiopia,ETH,52.9469512195122
"Life expectancy at birth, total (years)",SP.DYN.LE00.IN,Faeroe Islands,FRO,78.9878048780488
"Life expectancy at birth, total (years)",SP.DYN.LE00.IN,Fiji,FJI,67.788
"Life expectancy at birth, total (years)",SP.DYN.LE00.IN,Finland,FIN,77.9658536585366
"Life expectancy at birth, total (years)",SP.DYN.LE00.IN,France,FRA,79.0585365853659
"Life expectancy at birth, total (years)",SP.DYN.LE00.IN,French Polynesia,PYF,72.8006829268293
"Life expectancy at birth, total (years)",SP.DYN.LE00.IN,Gabon,GAB,59.4963170731707
"Life expectancy at birth, total (years)",SP.DYN.LE00.IN,"Gambia, The",GMB,55.497756097561
"Life expectancy at birth, total (years)",SP.DYN.LE00.IN,Georgia,GEO,71.9297804878049
"Life expectancy at birth, total (years)",SP.DYN.LE00.IN,Germany,DEU,78.3292682926829
"Life expectancy at birth, total (years)",SP.DYN.LE00.IN,Ghana,GHA,57.1476097560976
"Life expectancy at birth, total (years)",SP.DYN.LE00.IN,Greece,GRC,78.3878048780488
"Life expectancy at birth, total (years)",SP.DYN.LE00.IN,Greenland,GRL,66.9268292682927
"Life expectancy at birth, total (years)",SP.DYN.LE00.IN,Grenada,GRD,70.4744634146341
"Life expectancy at birth, total (years)",SP.DYN.LE00.IN,Guam,GUM,75.452756097561
"Life expectancy at birth, total (years)",SP.DYN.LE00.IN,Guatemala,GTM,68.2204878048781
"Life expectancy at birth, total (years)",SP.DYN.LE00.IN,Guinea,GIN,51.2762926829268
"Life expectancy at birth, total (years)",SP.DYN.LE00.IN,Guinea-Bissau,GNB,51.609756097561
"Life expectancy at birth, total (years)",SP.DYN.LE00.IN,Guyana,GUY,63.6410487804878
"Life expectancy at birth, total (years)",SP.DYN.LE00.IN,Haiti,HTI,57.6952195121951
"Life expectancy at birth, total (years)",SP.DYN.LE00.IN,Honduras,HND,70.6970731707317
"Life expectancy at birth, total (years)",SP.DYN.LE00.IN,"Hong Kong SAR, China",HKG,81.4243902439025
"Life expectancy at birth, total (years)",SP.DYN.LE00.IN,Hungary,HUN,72.2487804878049
"Life expectancy at birth, total (years)",SP.DYN.LE00.IN,Iceland,ISL,80.690243902439
"Life expectancy at birth, total (years)",SP.DYN.LE00.IN,India,IND,62.5566341463415
"Life expectancy at birth, total (years)",SP.DYN.LE00.IN,Indonesia,IDN,67.5857317073171
"Life expectancy at birth, total (years)",SP.DYN.LE00.IN,"Iran, Islamic Rep.",IRN,70.004243902439
"Life expectancy at birth, total (years)",SP.DYN.LE00.IN,Iraq,IRQ,70.6674146341464
"Life expectancy at birth, total (years)",SP.DYN.LE00.IN,Ireland,IRL,77.139756097561
"Life expectancy at birth, total (years)",SP.DYN.LE00.IN,Isle of Man,IMY,
"Life expectancy at birth, total (years)",SP.DYN.LE00.IN,Israel,ISR,79.4073170731707
"Life expectancy at birth, total (years)",SP.DYN.LE00.IN,Italy,ITA,79.8292682926829
"Life expectancy at birth, total (years)",SP.DYN.LE00.IN,Jamaica,JAM,70.6046097560976
"Life expectancy at birth, total (years)",SP.DYN.LE00.IN,Japan,JPN,81.4170731707317
"Life expectancy at birth, total (years)",SP.DYN.LE00.IN,Jordan,JOR,71.9563658536586
"Life expectancy at birth, total (years)",SP.DYN.LE00.IN,Kazakhstan,KAZ,65.7682926829268
"Life expectancy at birth, total (years)",SP.DYN.LE00.IN,Kenya,KEN,52.7771463414634
"Life expectancy at birth, total (years)",SP.DYN.LE00.IN,Kiribati,KIR,64.956756097561
"Life expectancy at birth, total (years)",SP.DYN.LE00.IN,"Korea, Dem. Rep.",PRK,65.8036585365854
"Life expectancy at birth, total (years)",SP.DYN.LE00.IN,"Korea, Rep.",KOR,76.3375609756098
"Life expectancy at birth, total (years)",SP.DYN.LE00.IN,Kosovo,KSV,67.9475609756098
"Life expectancy at birth, total (years)",SP.DYN.LE00.IN,Kuwait,KWT,73.4338048780488
"Life expectancy at birth, total (years)",SP.DYN.LE00.IN,Kyrgyz Republic,KGZ,68.7073170731707
"Life expectancy at birth, total (years)",SP.DYN.LE00.IN,Lao PDR,LAO,62.27
"Life expectancy at birth, total (years)",SP.DYN.LE00.IN,Latvia,LVA,70.7609756097561
"Life expectancy at birth, total (years)",SP.DYN.LE00.IN,Lebanon,LBN,74.8949268292683
"Life expectancy at birth, total (years)",SP.DYN.LE00.IN,Lesotho,LSO,45.6716829268293
"Life expectancy at birth, total (years)",SP.DYN.LE00.IN,Liberia,LBR,52.5334634146342
"Life expectancy at birth, total (years)",SP.DYN.LE00.IN,Libya,LBY,72.3011951219512
"Life expectancy at birth, total (years)",SP.DYN.LE00.IN,Liechtenstein,LIE,
"Life expectancy at birth, total (years)",SP.DYN.LE00.IN,Lithuania,LTU,71.6585365853659
"Life expectancy at birth, total (years)",SP.DYN.LE00.IN,Luxembourg,LUX,77.8243902439025
"Life expectancy at birth, total (years)",SP.DYN.LE00.IN,"Macao SAR, China",MAC,77.8346585365854
"Life expectancy at birth, total (years)",SP.DYN.LE00.IN,"Macedonia, FYR",MKD,73.455756097561
"Life expectancy at birth, total (years)",SP.DYN.LE00.IN,Madagascar,MDG,59.1136097560976
"Life expectancy at birth, total (years)",SP.DYN.LE00.IN,Malawi,MWI,46.2809268292683
"Life expectancy at birth, total (years)",SP.DYN.LE00.IN,Malaysia,MYS,73.0313658536585
"Life expectancy at birth, total (years)",SP.DYN.LE00.IN,Maldives,MDV,70.5118536585366
"Life expectancy at birth, total (years)",SP.DYN.LE00.IN,Mali,MLI,49.5242926829268
"Life expectancy at birth, total (years)",SP.DYN.LE00.IN,Malta,MLT,78.4414634146342
"Life expectancy at birth, total (years)",SP.DYN.LE00.IN,Marshall Islands,MHL,
"Life expectancy at birth, total (years)",SP.DYN.LE00.IN,Mauritania,MRT,59.7700975609756
"Life expectancy at birth, total (years)",SP.DYN.LE00.IN,Mauritius,MUS,71.7658536585366
"Life expectancy at birth, total (years)",SP.DYN.LE00.IN,Mexico,MEX,74.5109756097561
"Life expectancy at birth, total (years)",SP.DYN.LE00.IN,"Micronesia, Fed. Sts.",FSM,67.3842682926829
"Life expectancy at birth, total (years)",SP.DYN.LE00.IN,Moldova,MDA,67.101
"Life expectancy at birth, total (years)",SP.DYN.LE00.IN,Monaco,MCO,
"Life expectancy at birth, total (years)",SP.DYN.LE00.IN,Mongolia,MNG,63.4026097560976
"Life expectancy at birth, total (years)",SP.DYN.LE00.IN,Montenegro,MNE,73.7746341463415
"Life expectancy at birth, total (years)",SP.DYN.LE00.IN,Morocco,MAR,68.3307073170732
"Life expectancy at birth, total (years)",SP.DYN.LE00.IN,Mozambique,MOZ,47.5262926829268
"Life expectancy at birth, total (years)",SP.DYN.LE00.IN,Myanmar,MMR,62.3296097560976
"Life expectancy at birth, total (years)",SP.DYN.LE00.IN,Namibia,NAM,54.4046829268293
"Life expectancy at birth, total (years)",SP.DYN.LE00.IN,Nepal,NPL,62.6236097560976
"Life expectancy at birth, total (years)",SP.DYN.LE00.IN,Netherlands,NLD,78.190243902439
"Life expectancy at birth, total (years)",SP.DYN.LE00.IN,New Caledonia,NCL,74.8317073170732
"Life expectancy at birth, total (years)",SP.DYN.LE00.IN,New Zealand,NZL,78.6926829268293
"Life expectancy at birth, total (years)",SP.DYN.LE00.IN,Nicaragua,NIC,70.1199268292683
"Life expectancy at birth, total (years)",SP.DYN.LE00.IN,Niger,NER,51.4072926829268
"Life expectancy at birth, total (years)",SP.DYN.LE00.IN,Nigeria,NGA,46.8811707317073
"Life expectancy at birth, total (years)",SP.DYN.LE00.IN,Northern Mariana Islands,MNP,
"Life expectancy at birth, total (years)",SP.DYN.LE00.IN,Norway,NOR,78.7853658536585
"Life expectancy at birth, total (years)",SP.DYN.LE00.IN,Oman,OMN,72.7902195121951
"Life expectancy at birth, total (years)",SP.DYN.LE00.IN,Pakistan,PAK,64.1609268292683
"Life expectancy at birth, total (years)",SP.DYN.LE00.IN,Palau,PLW,
"Life expectancy at birth, total (years)",SP.DYN.LE00.IN,Panama,PAN,75.3039024390244
"Life expectancy at birth, total (years)",SP.DYN.LE00.IN,Papua New Guinea,PNG,59.138756097561
"Life expectancy at birth, total (years)",SP.DYN.LE00.IN,Paraguay,PRY,70.3469024390244
"Life expectancy at birth, total (years)",SP.DYN.LE00.IN,Peru,PER,70.9523902439025
"Life expectancy at birth, total (years)",SP.DYN.LE00.IN,Philippines,PHL,66.9412926829268
"Life expectancy at birth, total (years)",SP.DYN.LE00.IN,Poland,POL,74.2
"Life expectancy at birth, total (years)",SP.DYN.LE00.IN,Portugal,PRT,76.8146341463415
"Life expectancy at birth, total (years)",SP.DYN.LE00.IN,Puerto Rico,PRI,77.0668292682927
"Life expectancy at birth, total (years)",SP.DYN.LE00.IN,Qatar,QAT,76.9508292682927
"Life expectancy at birth, total (years)",SP.DYN.LE00.IN,Romania,ROM,71.1609756097561
"Life expectancy at birth, total (years)",SP.DYN.LE00.IN,Russian Federation,RUS,65.4878048780488
"Life expectancy at birth, total (years)",SP.DYN.LE00.IN,Rwanda,RWA,49.1307804878049
"Life expectancy at birth, total (years)",SP.DYN.LE00.IN,Samoa,WSM,69.8166097560976
"Life expectancy at birth, total (years)",SP.DYN.LE00.IN,San Marino,SMR,80.9731707317073
"Life expectancy at birth, total (years)",SP.DYN.LE00.IN,Sao Tome and Principe,STP,63.4779756097561
"Life expectancy at birth, total (years)",SP.DYN.LE00.IN,Saudi Arabia,SAU,72.8973414634146
"Life expectancy at birth, total (years)",SP.DYN.LE00.IN,Senegal,SEN,58.1704146341463
"Life expectancy at birth, total (years)",SP.DYN.LE00.IN,Serbia,SRB,72.1853658536586
"Life expectancy at birth, total (years)",SP.DYN.LE00.IN,Seychelles,SYC,
"Life expectancy at birth, total (years)",SP.DYN.LE00.IN,Sierra Leone,SLE,38.8464634146342
"Life expectancy at birth, total (years)",SP.DYN.LE00.IN,Singapore,SGP,78.3512195121951
"Life expectancy at birth, total (years)",SP.DYN.LE00.IN,Sint Maarten (Dutch part),SXM,
"Life expectancy at birth, total (years)",SP.DYN.LE00.IN,Slovak Republic,SVK,73.4024390243903
"Life expectancy at birth, total (years)",SP.DYN.LE00.IN,Slovenia,SVN,75.7585365853659
"Life expectancy at birth, total (years)",SP.DYN.LE00.IN,Solomon Islands,SLB,63.4656097560976
"Life expectancy at birth, total (years)",SP.DYN.LE00.IN,Somalia,SOM,51.2228048780488
"Life expectancy at birth, total (years)",SP.DYN.LE00.IN,South Africa,ZAF,54.5708048780488
"Life expectancy at birth, total (years)",SP.DYN.LE00.IN,South Sudan,SSD,49.6198780487805
"Life expectancy at birth, total (years)",SP.DYN.LE00.IN,Spain,ESP,79.3682926829268
"Life expectancy at birth, total (years)",SP.DYN.LE00.IN,Sri Lanka,LKA,71.9009512195122
"Life expectancy at birth, total (years)",SP.DYN.LE00.IN,St. Kitts and Nevis,KNA,
"Life expectancy at birth, total (years)",SP.DYN.LE00.IN,St. Lucia,LCA,71.6442682926829
"Life expectancy at birth, total (years)",SP.DYN.LE00.IN,St. Martin (French part),MAF,
"Life expectancy at birth, total (years)",SP.DYN.LE00.IN,St. Vincent and the Grenadines,VCT,70.6343414634147
"Life expectancy at birth, total (years)",SP.DYN.LE00.IN,Sudan,SDN,58.333243902439
"Life expectancy at birth, total (years)",SP.DYN.LE00.IN,Suriname,SUR,68.0119756097561
"Life expectancy at birth, total (years)",SP.DYN.LE00.IN,Swaziland,SWZ,47.4340975609756
"Life expectancy at birth, total (years)",SP.DYN.LE00.IN,Sweden,SWE,79.7951219512195
"Life expectancy at birth, total (years)",SP.DYN.LE00.IN,Switzerland,CHE,80.1804878048781
"Life expectancy at birth, total (years)",SP.DYN.LE00.IN,Syrian Arab Republic,SYR,73.6115853658537
"Life expectancy at birth, total (years)",SP.DYN.LE00.IN,Tajikistan,TJK,64.1287804878049
"Life expectancy at birth, total (years)",SP.DYN.LE00.IN,Tanzania,TZA,50.4967804878049
"Life expectancy at birth, total (years)",SP.DYN.LE00.IN,Thailand,THA,71.1070731707317
"Life expectancy at birth, total (years)",SP.DYN.LE00.IN,Timor-Leste,TMP,60.3461951219512
"Life expectancy at birth, total (years)",SP.DYN.LE00.IN,Togo,TGO,53.5881951219512
"Life expectancy at birth, total (years)",SP.DYN.LE00.IN,Tonga,TON,70.8985853658537
"Life expectancy at birth, total (years)",SP.DYN.LE00.IN,Trinidad and Tobago,TTO,68.654
"Life expectancy at birth, total (years)",SP.DYN.LE00.IN,Tunisia,TUN,72.8487804878049
"Life expectancy at birth, total (years)",SP.DYN.LE00.IN,Turkey,TUR,70.5518536585366
"Life expectancy at birth, total (years)",SP.DYN.LE00.IN,Turkmenistan,TKM,64.0260975609756
"Life expectancy at birth, total (years)",SP.DYN.LE00.IN,Turks and Caicos Islands,TCA,
"Life expectancy at birth, total (years)",SP.DYN.LE00.IN,Tuvalu,TUV,
"Life expectancy at birth, total (years)",SP.DYN.LE00.IN,Uganda,UGA,48.9728048780488
"Life expectancy at birth, total (years)",SP.DYN.LE00.IN,Ukraine,UKR,68.2870731707317
"Life expectancy at birth, total (years)",SP.DYN.LE00.IN,United Arab Emirates,ARE,74.6494634146342
"Life expectancy at birth, total (years)",SP.DYN.LE00.IN,United Kingdom,GBR,77.9926829268293
"Life expectancy at birth, total (years)",SP.DYN.LE00.IN,United States,USA,76.7365853658537
"Life expectancy at birth, total (years)",SP.DYN.LE00.IN,Uruguay,URY,74.8726097560976
"Life expectancy at birth, total (years)",SP.DYN.LE00.IN,Uzbekistan,UZB,67.0292682926829
"Life expectancy at birth, total (years)",SP.DYN.LE00.IN,Vanuatu,VUT,67.9347073170732
"Life expectancy at birth, total (years)",SP.DYN.LE00.IN,"Venezuela, RB",VEN,72.5770731707317
"Life expectancy at birth, total (years)",SP.DYN.LE00.IN,Vietnam,VNM,73.8797073170732
"Life expectancy at birth, total (years)",SP.DYN.LE00.IN,Virgin Islands (U.S.),VIR,77.8451463414634
"Life expectancy at birth, total (years)",SP.DYN.LE00.IN,West Bank and Gaza,WBG,71.0903414634146
"Life expectancy at birth, total (years)",SP.DYN.LE00.IN,"Yemen, Rep.",YEM,60.6836829268293
"Life expectancy at birth, total (years)",SP.DYN.LE00.IN,Zambia,ZMB,42.5065609756098
"Life expectancy at birth, total (years)",SP.DYN.LE00.IN,Zimbabwe,ZWE,43.2530731707317
GDP per capita (constant 2005 US$),NY.GDP.PCAP.KD,Afghanistan,AFG,
GDP per capita (constant 2005 US$),NY.GDP.PCAP.KD,Albania,ALB,2097.70448713101
GDP per capita (constant 2005 US$),NY.GDP.PCAP.KD,Algeria,DZA,2572.26132530354
GDP per capita (constant 2005 US$),NY.GDP.PCAP.KD,American Samoa,ASM,
GDP per capita (constant 2005 US$),NY.GDP.PCAP.KD,Andorra,ADO,29298.8442109522
GDP per capita (constant 2005 US$),NY.GDP.PCAP.KD,Angola,AGO,1262.01180122467
GDP per capita (constant 2005 US$),NY.GDP.PCAP.KD,Antigua and Barbuda,ATG,10391.7993792776
GDP per capita (constant 2005 US$),NY.GDP.PCAP.KD,Argentina,ARG,4257.42272636168
GDP per capita (constant 2005 US$),NY.GDP.PCAP.KD,Armenia,ARM,986.361482980811
GDP per capita (constant 2005 US$),NY.GDP.PCAP.KD,Aruba,ABW,22873.0001069238
GDP per capita (constant 2005 US$),NY.GDP.PCAP.KD,Australia,AUS,30961.2788671993
GDP per capita (constant 2005 US$),NY.GDP.PCAP.KD,Austria,AUT,35192.6451317804
GDP per capita (constant 2005 US$),NY.GDP.PCAP.KD,Azerbaijan,AZE,953.217710636508
GDP per capita (constant 2005 US$),NY.GDP.PCAP.KD,"Bahamas, The",BHS,24044.2475053105
GDP per capita (constant 2005 US$),NY.GDP.PCAP.KD,Bahrain,BHR,14996.4833032802
GDP per capita (constant 2005 US$),NY.GDP.PCAP.KD,Bangladesh,BGD,361.530856878168
GDP per capita (constant 2005 US$),NY.GDP.PCAP.KD,Barbados,BRB,13393.8607521668
GDP per capita (constant 2005 US$),NY.GDP.PCAP.KD,Belarus,BLR,2218.68675723093
GDP per capita (constant 2005 US$),NY.GDP.PCAP.KD,Belgium,BEL,34165.4692566999
GDP per capita (constant 2005 US$),NY.GDP.PCAP.KD,Belize,BLZ,3671.42247376951
GDP per capita (constant 2005 US$),NY.GDP.PCAP.KD,Benin,BEN,527.87442031938
GDP per capita (constant 2005 US$),NY.GDP.PCAP.KD,Bermuda,BMU,73481.5895349174
GDP per capita (constant 2005 US$),NY.GDP.PCAP.KD,Bhutan,BTN,1042.39241283649
GDP per capita (constant 2005 US$),NY.GDP.PCAP.KD,Bolivia,BOL,961.982920563681
GDP per capita (constant 2005 US$),NY.GDP.PCAP.KD,Bosnia and Herzegovina,BIH,2313.18902657486
GDP per capita (constant 2005 US$),NY.GDP.PCAP.KD,Botswana,BWA,4608.26406271085
GDP per capita (constant 2005 US$),NY.GDP.PCAP.KD,Brazil,BRA,4402.51120111131
GDP per capita (constant 2005 US$),NY.GDP.PCAP.KD,Brunei Darussalam,BRN,26062.4805638881
GDP per capita (constant 2005 US$),NY.GDP.PCAP.KD,Bulgaria,BGR,2872.95700733799
GDP per capita (constant 2005 US$),NY.GDP.PCAP.KD,Burkina Faso,BFA,355.358181547858
GDP per capita (constant 2005 US$),NY.GDP.PCAP.KD,Burundi,BDI,149.691479195038
GDP per capita (constant 2005 US$),NY.GDP.PCAP.KD,Cambodia,KHM,348.788673603125
GDP per capita (constant 2005 US$),NY.GDP.PCAP.KD,Cameroon,CMR,883.854375053925
GDP per capita (constant 2005 US$),NY.GDP.PCAP.KD,Canada,CAN,32744.6822901069
GDP per capita (constant 2005 US$),NY.GDP.PCAP.KD,Cape Verde,CPV,1761.13000407798
GDP per capita (constant 2005 US$),NY.GDP.PCAP.KD,Cayman Islands,CYM,
GDP per capita (constant 2005 US$),NY.GDP.PCAP.KD,Central African Republic,CAF,381.635715265918
GDP per capita (constant 2005 US$),NY.GDP.PCAP.KD,Chad,TCD,315.153656939908
GDP per capita (constant 2005 US$),NY.GDP.PCAP.KD,Channel Islands,CHI,60909.3344146808
GDP per capita (constant 2005 US$),NY.GDP.PCAP.KD,Chile,CHL,6690.88591039057
GDP per capita (constant 2005 US$),NY.GDP.PCAP.KD,China,CHN,1206.63800977681
GDP per capita (constant 2005 US$),NY.GDP.PCAP.KD,Colombia,COL,3074.98341686124
GDP per capita (constant 2005 US$),NY.GDP.PCAP.KD,Comoros,COM,643.501148612897
GDP per capita (constant 2005 US$),NY.GDP.PCAP.KD,"Congo, Dem. Rep.",ZAR,118.644713971809
GDP per capita (constant 2005 US$),NY.GDP.PCAP.KD,"Congo, Rep.",COG,1615.22278933441
GDP per capita (constant 2005 US$),NY.GDP.PCAP.KD,Costa Rica,CRI,4115.33194526622
GDP per capita (constant 2005 US$),NY.GDP.PCAP.KD,Cote d'Ivoire,CIV,996.371649425521
GDP per capita (constant 2005 US$),NY.GDP.PCAP.KD,Croatia,HRV,8412.51964279575
GDP per capita (constant 2005 US$),NY.GDP.PCAP.KD,Cuba,CUB,3081.73410502407
GDP per capita (constant 2005 US$),NY.GDP.PCAP.KD,Curacao,CUW,
GDP per capita (constant 2005 US$),NY.GDP.PCAP.KD,Cyprus,CYP,21498.2044146302
GDP per capita (constant 2005 US$),NY.GDP.PCAP.KD,Czech Republic,CZE,10719.5107475944
GDP per capita (constant 2005 US$),NY.GDP.PCAP.KD,Denmark,DNK,45495.9441019765
GDP per capita (constant 2005 US$),NY.GDP.PCAP.KD,Djibouti,DJI,851.370727657535
GDP per capita (constant 2005 US$),NY.GDP.PCAP.KD,Dominica,DMA,4833.3768867704
GDP per capita (constant 2005 US$),NY.GDP.PCAP.KD,Dominican Republic,DOM,3308.36972774103
GDP per capita (constant 2005 US$),NY.GDP.PCAP.KD,Ecuador,ECU,2665.59016252067
GDP per capita (constant 2005 US$),NY.GDP.PCAP.KD,"Egypt, Arab Rep.",EGY,1161.67136561218
GDP per capita (constant 2005 US$),NY.GDP.PCAP.KD,El Salvador,SLV,2586.20888956976
GDP per capita (constant 2005 US$),NY.GDP.PCAP.KD,Equatorial Guinea,GNQ,7455.35927853312
GDP per capita (constant 2005 US$),NY.GDP.PCAP.KD,Eritrea,ERI,256.653015981767
GDP per capita (constant 2005 US$),NY.GDP.PCAP.KD,Estonia,EST,7668.60053789196
GDP per capita (constant 2005 US$),NY.GDP.PCAP.KD,Ethiopia,ETH,143.57427624104
GDP per capita (constant 2005 US$),NY.GDP.PCAP.KD,Faeroe Islands,FRO,
GDP per capita (constant 2005 US$),NY.GDP.PCAP.KD,Fiji,FJI,3339.15886461372
GDP per capita (constant 2005 US$),NY.GDP.PCAP.KD,Finland,FIN,33898.395752886
GDP per capita (constant 2005 US$),NY.GDP.PCAP.KD,France,FRA,32747.6768353582
GDP per capita (constant 2005 US$),NY.GDP.PCAP.KD,French Polynesia,PYF,
GDP per capita (constant 2005 US$),NY.GDP.PCAP.KD,Gabon,GAB,6469.43564993399
GDP per capita (constant 2005 US$),NY.GDP.PCAP.KD,"Gambia, The",GMB,449.418099276363
GDP per capita (constant 2005 US$),NY.GDP.PCAP.KD,Georgia,GEO,1075.48029801438
GDP per capita (constant 2005 US$),NY.GDP.PCAP.KD,Germany,DEU,33101.0196741396
GDP per capita (constant 2005 US$),NY.GDP.PCAP.KD,Ghana,GHA,452.455031749706
GDP per capita (constant 2005 US$),NY.GDP.PCAP.KD,Greece,GRC,18742.1332264528
GDP per capita (constant 2005 US$),NY.GDP.PCAP.KD,Greenland,GRL,29251.505709502
GDP per capita (constant 2005 US$),NY.GDP.PCAP.KD,Grenada,GRD,5386.62417967824
GDP per capita (constant 2005 US$),NY.GDP.PCAP.KD,Guam,GUM,
GDP per capita (constant 2005 US$),NY.GDP.PCAP.KD,Guatemala,GTM,2089.79439295219
GDP per capita (constant 2005 US$),NY.GDP.PCAP.KD,Guinea,GIN,294.185407598761
GDP per capita (constant 2005 US$),NY.GDP.PCAP.KD,Guinea-Bissau,GNB,435.81168650308
GDP per capita (constant 2005 US$),NY.GDP.PCAP.KD,Guyana,GUY,1089.04076385895
GDP per capita (constant 2005 US$),NY.GDP.PCAP.KD,Haiti,HTI,484.55756586674
GDP per capita (constant 2005 US$),NY.GDP.PCAP.KD,Honduras,HND,1248.90040141613
GDP per capita (constant 2005 US$),NY.GDP.PCAP.KD,"Hong Kong SAR, China",HKG,22112.928392465
GDP per capita (constant 2005 US$),NY.GDP.PCAP.KD,Hungary,HUN,9158.10811906732
GDP per capita (constant 2005 US$),NY.GDP.PCAP.KD,Iceland,ISL,48183.5501041098
GDP per capita (constant 2005 US$),NY.GDP.PCAP.KD,India,IND,595.60284409398
GDP per capita (constant 2005 US$),NY.GDP.PCAP.KD,Indonesia,IDN,1109.52178284931
GDP per capita (constant 2005 US$),NY.GDP.PCAP.KD,"Iran, Islamic Rep.",IRN,2268.28670675994
GDP per capita (constant 2005 US$),NY.GDP.PCAP.KD,Iraq,IRQ,1903.53889085101
GDP per capita (constant 2005 US$),NY.GDP.PCAP.KD,Ireland,IRL,43247.6836653397
GDP per capita (constant 2005 US$),NY.GDP.PCAP.KD,Isle of Man,IMY,29954.7690644388
GDP per capita (constant 2005 US$),NY.GDP.PCAP.KD,Israel,ISR,18735.0250169138
GDP per capita (constant 2005 US$),NY.GDP.PCAP.KD,Italy,ITA,30409.9470518656
GDP per capita (constant 2005 US$),NY.GDP.PCAP.KD,Jamaica,JAM,
GDP per capita (constant 2005 US$),NY.GDP.PCAP.KD,Japan,JPN,34002.7393703451
GDP per capita (constant 2005 US$),NY.GDP.PCAP.KD,Jordan,JOR,1979.24187881901
GDP per capita (constant 2005 US$),NY.GDP.PCAP.KD,Kazakhstan,KAZ,2664.44208749282
GDP per capita (constant 2005 US$),NY.GDP.PCAP.KD,Kenya,KEN,506.284582267256
GDP per capita (constant 2005 US$),NY.GDP.PCAP.KD,Kiribati,KIR,1145.19623497034
GDP per capita (constant 2005 US$),NY.GDP.PCAP.KD,"Korea, Dem. Rep.",PRK,
GDP per capita (constant 2005 US$),NY.GDP.PCAP.KD,"Korea, Rep.",KOR,14891.5530535826
GDP per capita (constant 2005 US$),NY.GDP.PCAP.KD,Kosovo,KSV,1972.60521156682
GDP per capita (constant 2005 US$),NY.GDP.PCAP.KD,Kuwait,KWT,27698.5263576094
GDP per capita (constant 2005 US$),NY.GDP.PCAP.KD,Kyrgyz Republic,KGZ,435.087984827888
GDP per capita (constant 2005 US$),NY.GDP.PCAP.KD,Lao PDR,LAO,390.752483648008
GDP per capita (constant 2005 US$),NY.GDP.PCAP.KD,Latvia,LVA,4965.30394304411
GDP per capita (constant 2005 US$),NY.GDP.PCAP.KD,Lebanon,LBN,5620.08683989855
GDP per capita (constant 2005 US$),NY.GDP.PCAP.KD,Lesotho,LSO,661.269949866271
GDP per capita (constant 2005 US$),NY.GDP.PCAP.KD,Liberia,LBR,196.386973776782
GDP per capita (constant 2005 US$),NY.GDP.PCAP.KD,Libya,LBY,6538.56421032025
GDP per capita (constant 2005 US$),NY.GDP.PCAP.KD,Liechtenstein,LIE,104212.761379083
GDP per capita (constant 2005 US$),NY.GDP.PCAP.KD,Lithuania,LTU,5469.83158217594
GDP per capita (constant 2005 US$),NY.GDP.PCAP.KD,Luxembourg,LUX,73338.6864904673
GDP per capita (constant 2005 US$),NY.GDP.PCAP.KD,"Macao SAR, China",MAC,15939.1596348829
GDP per capita (constant 2005 US$),NY.GDP.PCAP.KD,"Macedonia, FYR",MKD,2560.247988515
GDP per capita (constant 2005 US$),NY.GDP.PCAP.KD,Madagascar,MDG,294.004033689229
GDP per capita (constant 2005 US$),NY.GDP.PCAP.KD,Malawi,MWI,204.873954694366
GDP per capita (constant 2005 US$),NY.GDP.PCAP.KD,Malaysia,MYS,4783.87773359468
GDP per capita (constant 2005 US$),NY.GDP.PCAP.KD,Maldives,MDV,2871.32873341805
GDP per capita (constant 2005 US$),NY.GDP.PCAP.KD,Mali,MLI,414.063416664908
GDP per capita (constant 2005 US$),NY.GDP.PCAP.KD,Malta,MLT,14330.998745604
GDP per capita (constant 2005 US$),NY.GDP.PCAP.KD,Marshall Islands,MHL,2500.30214434654
GDP per capita (constant 2005 US$),NY.GDP.PCAP.KD,Mauritania,MRT,636.573869074809
GDP per capita (constant 2005 US$),NY.GDP.PCAP.KD,Mauritius,MUS,4621.49436144632
GDP per capita (constant 2005 US$),NY.GDP.PCAP.KD,Mexico,MEX,7343.84027155722
GDP per capita (constant 2005 US$),NY.GDP.PCAP.KD,"Micronesia, Fed. Sts.",FSM,2302.1015471298
GDP per capita (constant 2005 US$),NY.GDP.PCAP.KD,Moldova,MDA,620.139470004208
GDP per capita (constant 2005 US$),NY.GDP.PCAP.KD,Monaco,MCO,124015.443874641
GDP per capita (constant 2005 US$),NY.GDP.PCAP.KD,Mongolia,MNG,784.278266579792
GDP per capita (constant 2005 US$),NY.GDP.PCAP.KD,Montenegro,MNE,3248.52403184223
GDP per capita (constant 2005 US$),NY.GDP.PCAP.KD,Morocco,MAR,1710.93669721997
GDP per capita (constant 2005 US$),NY.GDP.PCAP.KD,Mozambique,MOZ,256.785344210294
GDP per capita (constant 2005 US$),NY.GDP.PCAP.KD,Myanmar,MMR,
GDP per capita (constant 2005 US$),NY.GDP.PCAP.KD,Namibia,NAM,2990.30517340192
GDP per capita (constant 2005 US$),NY.GDP.PCAP.KD,Nepal,NPL,304.877928707812
GDP per capita (constant 2005 US$),NY.GDP.PCAP.KD,Netherlands,NLD,37982.0924615122
GDP per capita (constant 2005 US$),NY.GDP.PCAP.KD,New Caledonia,NCL,
GDP per capita (constant 2005 US$),NY.GDP.PCAP.KD,New Zealand,NZL,25033.6700629197
GDP per capita (constant 2005 US$),NY.GDP.PCAP.KD,Nicaragua,NIC,1076.6621736832
GDP per capita (constant 2005 US$),NY.GDP.PCAP.KD,Niger,NER,263.361954314801
GDP per capita (constant 2005 US$),NY.GDP.PCAP.KD,Nigeria,NGA,682.253141122692
GDP per capita (constant 2005 US$),NY.GDP.PCAP.KD,Northern Mariana Islands,MNP,
GDP per capita (constant 2005 US$),NY.GDP.PCAP.KD,Norway,NOR,61622.1048542196
GDP per capita (constant 2005 US$),NY.GDP.PCAP.KD,Oman,OMN,12477.5063556315
GDP per capita (constant 2005 US$),NY.GDP.PCAP.KD,Pakistan,PAK,596.511690641676
GDP per capita (constant 2005 US$),NY.GDP.PCAP.KD,Palau,PLW,9422.36520803469
GDP per capita (constant 2005 US$),NY.GDP.PCAP.KD,Panama,PAN,4041.70457623116
GDP per capita (constant 2005 US$),NY.GDP.PCAP.KD,Papua New Guinea,PNG,818.214743602155
GDP per capita (constant 2005 US$),NY.GDP.PCAP.KD,Paraguay,PRY,1443.06071431959
GDP per capita (constant 2005 US$),NY.GDP.PCAP.KD,Peru,PER,2456.83613794216
GDP per capita (constant 2005 US$),NY.GDP.PCAP.KD,Philippines,PHL,1068.59239154341
GDP per capita (constant 2005 US$),NY.GDP.PCAP.KD,Poland,POL,6908.62800239033
GDP per capita (constant 2005 US$),NY.GDP.PCAP.KD,Portugal,PRT,18239.1912584342
GDP per capita (constant 2005 US$),NY.GDP.PCAP.KD,Puerto Rico,PRI,20746.7500825224
GDP per capita (constant 2005 US$),NY.GDP.PCAP.KD,Qatar,QAT,48797.776344415
GDP per capita (constant 2005 US$),NY.GDP.PCAP.KD,Romania,ROM,3579.60481673097
GDP per capita (constant 2005 US$),NY.GDP.PCAP.KD,Russian Federation,RUS,4085.43715417338
GDP per capita (constant 2005 US$),NY.GDP.PCAP.KD,Rwanda,RWA,219.453711790427
GDP per capita (constant 2005 US$),NY.GDP.PCAP.KD,Samoa,WSM,1966.84741814245
GDP per capita (constant 2005 US$),NY.GDP.PCAP.KD,San Marino,SMR,44908.7465729493
GDP per capita (constant 2005 US$),NY.GDP.PCAP.KD,Sao Tome and Principe,STP,693.965640710212
GDP per capita (constant 2005 US$),NY.GDP.PCAP.KD,Saudi Arabia,SAU,12446.4091935227
GDP per capita (constant 2005 US$),NY.GDP.PCAP.KD,Senegal,SEN,715.834788627716
GDP per capita (constant 2005 US$),NY.GDP.PCAP.KD,Serbia,SRB,2730.63830602686
GDP per capita (constant 2005 US$),NY.GDP.PCAP.KD,Seychelles,SYC,11220.7726723699
GDP per capita (constant 2005 US$),NY.GDP.PCAP.KD,Sierra Leone,SLE,247.120728541964
GDP per capita (constant 2005 US$),NY.GDP.PCAP.KD,Singapore,SGP,23368.4898168142
GDP per capita (constant 2005 US$),NY.GDP.PCAP.KD,Sint Maarten (Dutch part),SXM,
GDP per capita (constant 2005 US$),NY.GDP.PCAP.KD,Slovak Republic,SVK,9286.29510642509
GDP per capita (constant 2005 US$),NY.GDP.PCAP.KD,Slovenia,SVN,15451.0488133109
GDP per capita (constant 2005 US$),NY.GDP.PCAP.KD,Solomon Islands,SLB,853.709463242433
GDP per capita (constant 2005 US$),NY.GDP.PCAP.KD,Somalia,SOM,
GDP per capita (constant 2005 US$),NY.GDP.PCAP.KD,South Africa,ZAF,4682.77945170532
GDP per capita (constant 2005 US$),NY.GDP.PCAP.KD,South Sudan,SSD,
GDP per capita (constant 2005 US$),NY.GDP.PCAP.KD,Spain,ESP,24520.220848976
GDP per capita (constant 2005 US$),NY.GDP.PCAP.KD,Sri Lanka,LKA,1052.29159442184
GDP per capita (constant 2005 US$),NY.GDP.PCAP.KD,St. Kitts and Nevis,KNA,10079.8664581332
GDP per capita (constant 2005 US$),NY.GDP.PCAP.KD,St. Lucia,LCA,5150.05463162547
GDP per capita (constant 2005 US$),NY.GDP.PCAP.KD,St. Martin (French part),MAF,
GDP per capita (constant 2005 US$),NY.GDP.PCAP.KD,St. Vincent and the Grenadines,VCT,4185.23923525167
GDP per capita (constant 2005 US$),NY.GDP.PCAP.KD,Sudan,SDN,594.556656082008
GDP per capita (constant 2005 US$),NY.GDP.PCAP.KD,Suriname,SUR,2999.72076779006
GDP per capita (constant 2005 US$),NY.GDP.PCAP.KD,Swaziland,SWZ,2191.34067768226
GDP per capita (constant 2005 US$),NY.GDP.PCAP.KD,Sweden,SWE,36938.591448743
GDP per capita (constant 2005 US$),NY.GDP.PCAP.KD,Switzerland,CHE,50491.5872848014
GDP per capita (constant 2005 US$),NY.GDP.PCAP.KD,Syrian Arab Republic,SYR,1428.70490751985
GDP per capita (constant 2005 US$),NY.GDP.PCAP.KD,Tajikistan,TJK,254.003740547192
GDP per capita (constant 2005 US$),NY.GDP.PCAP.KD,Tanzania,TZA,314.546912943144
GDP per capita (constant 2005 US$),NY.GDP.PCAP.KD,Thailand,THA,2227.65002449958
GDP per capita (constant 2005 US$),NY.GDP.PCAP.KD,Timor-Leste,TMP,459.523809359391
GDP per capita (constant 2005 US$),NY.GDP.PCAP.KD,Togo,TGO,394.336881740096
GDP per capita (constant 2005 US$),NY.GDP.PCAP.KD,Tonga,TON,2461.09747209026
GDP per capita (constant 2005 US$),NY.GDP.PCAP.KD,Trinidad and Tobago,TTO,8964.30130223562
GDP per capita (constant 2005 US$),NY.GDP.PCAP.KD,Tunisia,TUN,2813.823962027
GDP per capita (constant 2005 US$),NY.GDP.PCAP.KD,Turkey,TUR,5687.24369689142
GDP per capita (constant 2005 US$),NY.GDP.PCAP.KD,Turkmenistan,TKM,1448.87088071178
GDP per capita (constant 2005 US$),NY.GDP.PCAP.KD,Turks and Caicos Islands,TCA,
GDP per capita (constant 2005 US$),NY.GDP.PCAP.KD,Tuvalu,TUV,2329.44217059016
GDP per capita (constant 2005 US$),NY.GDP.PCAP.KD,Uganda,UGA,273.259550288771
GDP per capita (constant 2005 US$),NY.GDP.PCAP.KD,Ukraine,UKR,1335.42923087604
GDP per capita (constant 2005 US$),NY.GDP.PCAP.KD,United Arab Emirates,ARE,45038.3380917656
GDP per capita (constant 2005 US$),NY.GDP.PCAP.KD,United Kingdom,GBR,34535.2997553565
GDP per capita (constant 2005 US$),NY.GDP.PCAP.KD,United States,USA,39583.6100813157
GDP per capita (constant 2005 US$),NY.GDP.PCAP.KD,Uruguay,URY,4972.92148734576
GDP per capita (constant 2005 US$),NY.GDP.PCAP.KD,Uzbekistan,UZB,458.924783357509
GDP per capita (constant 2005 US$),NY.GDP.PCAP.KD,Vanuatu,VUT,1925.56458176211
GDP per capita (constant 2005 US$),NY.GDP.PCAP.KD,"Venezuela, RB",VEN,5332.94333089189
GDP per capita (constant 2005 US$),NY.GDP.PCAP.KD,Vietnam,VNM,500.968127567505
GDP per capita (constant 2005 US$),NY.GDP.PCAP.KD,Virgin Islands (U.S.),VIR,
GDP per capita (constant 2005 US$),NY.GDP.PCAP.KD,West Bank and Gaza,WBG,1243.46310004231
GDP per capita (constant 2005 US$),NY.GDP.PCAP.KD,"Yemen, Rep.",YEM,784.925141959161
GDP per capita (constant 2005 US$),NY.GDP.PCAP.KD,Zambia,ZMB,574.438085738241
GDP per capita (constant 2005 US$),NY.GDP.PCAP.KD,Zimbabwe,ZWE,680.800697865533
GDP growth (annual %),NY.GDP.MKTP.KD.ZG,Afghanistan,AFG,
GDP growth (annual %),NY.GDP.MKTP.KD.ZG,Albania,ALB,6.99999999999991
GDP growth (annual %),NY.GDP.MKTP.KD.ZG,Algeria,DZA,2.59999516824885
GDP growth (annual %),NY.GDP.MKTP.KD.ZG,American Samoa,ASM,
GDP growth (annual %),NY.GDP.MKTP.KD.ZG,Andorra,ADO,11.7702727457044
GDP growth (annual %),NY.GDP.MKTP.KD.ZG,Angola,AGO,3.1419662230638
GDP growth (annual %),NY.GDP.MKTP.KD.ZG,Antigua and Barbuda,ATG,-3.12002432244765
GDP growth (annual %),NY.GDP.MKTP.KD.ZG,Argentina,ARG,-4.40883969762805
GDP growth (annual %),NY.GDP.MKTP.KD.ZG,Armenia,ARM,9.55664149553445
GDP growth (annual %),NY.GDP.MKTP.KD.ZG,Aruba,ABW,-2.16445940890385
GDP growth (annual %),NY.GDP.MKTP.KD.ZG,Australia,AUS,1.89948013085987
GDP growth (annual %),NY.GDP.MKTP.KD.ZG,Austria,AUT,0.857402600900855
GDP growth (annual %),NY.GDP.MKTP.KD.ZG,Azerbaijan,AZE,9.89999999999999
GDP growth (annual %),NY.GDP.MKTP.KD.ZG,"Bahamas, The",BHS,2.62562712099302
GDP growth (annual %),NY.GDP.MKTP.KD.ZG,Bahrain,BHR,4.60000000000001
GDP growth (annual %),NY.GDP.MKTP.KD.ZG,Bangladesh,BGD,5.27401411426681
GDP growth (annual %),NY.GDP.MKTP.KD.ZG,Barbados,BRB,-2.55018435067582
GDP growth (annual %),NY.GDP.MKTP.KD.ZG,Belarus,BLR,4.72530600626246
GDP growth (annual %),NY.GDP.MKTP.KD.ZG,Belgium,BEL,0.807711677276785
GDP growth (annual %),NY.GDP.MKTP.KD.ZG,Belize,BLZ,4.9571736740502
GDP growth (annual %),NY.GDP.MKTP.KD.ZG,Benin,BEN,6.24841055508207
GDP growth (annual %),NY.GDP.MKTP.KD.ZG,Bermuda,BMU,7.2224360086321
GDP growth (annual %),NY.GDP.MKTP.KD.ZG,Bhutan,BTN,8.20377388507167
GDP growth (annual %),NY.GDP.MKTP.KD.ZG,Bolivia,BOL,1.68379903413391
GDP growth (annual %),NY.GDP.MKTP.KD.ZG,Bosnia and Herzegovina,BIH,4.40000000000009
GDP growth (annual %),NY.GDP.MKTP.KD.ZG,Botswana,BWA,3.54410192799671
GDP growth (annual %),NY.GDP.MKTP.KD.ZG,Brazil,BRA,1.31489612094377
GDP growth (annual %),NY.GDP.MKTP.KD.ZG,Brunei Darussalam,BRN,2.74404140408586
GDP growth (annual %),NY.GDP.MKTP.KD.ZG,Bulgaria,BGR,4.19999999999989
GDP growth (annual %),NY.GDP.MKTP.KD.ZG,Burkina Faso,BFA,6.5853743500849
GDP growth (annual %),NY.GDP.MKTP.KD.ZG,Burundi,BDI,2.0558071064378
GDP growth (annual %),NY.GDP.MKTP.KD.ZG,Cambodia,KHM,8.03863162906173
GDP growth (annual %),NY.GDP.MKTP.KD.ZG,Cameroon,CMR,4.51427108665618
GDP growth (annual %),NY.GDP.MKTP.KD.ZG,Canada,CAN,1.78380122033839
GDP growth (annual %),NY.GDP.MKTP.KD.ZG,Cape Verde,CPV,6.13761494787551
GDP growth (annual %),NY.GDP.MKTP.KD.ZG,Cayman Islands,CYM,
GDP growth (annual %),NY.GDP.MKTP.KD.ZG,Central African Republic,CAF,0.599999999999994
GDP growth (annual %),NY.GDP.MKTP.KD.ZG,Chad,TCD,11.6581346489697
GDP growth (annual %),NY.GDP.MKTP.KD.ZG,Channel Islands,CHI,-1.51296126027492
GDP growth (annual %),NY.GDP.MKTP.KD.ZG,Chile,CHL,3.34818039061955
GDP growth (annual %),NY.GDP.MKTP.KD.ZG,China,CHN,8.3
GDP growth (annual %),NY.GDP.MKTP.KD.ZG,Colombia,COL,1.67789830770366
GDP growth (annual %),NY.GDP.MKTP.KD.ZG,Comoros,COM,3.32920857248172
GDP growth (annual %),NY.GDP.MKTP.KD.ZG,"Congo, Dem. Rep.",ZAR,-2.10000808196421
GDP growth (annual %),NY.GDP.MKTP.KD.ZG,"Congo, Rep.",COG,3.80260190016178
GDP growth (annual %),NY.GDP.MKTP.KD.ZG,Costa Rica,CRI,1.0764026248121
GDP growth (annual %),NY.GDP.MKTP.KD.ZG,Cote d'Ivoire,CIV,-0.021230470807879
GDP growth (annual %),NY.GDP.MKTP.KD.ZG,Croatia,HRV,3.65599794537559
GDP growth (annual %),NY.GDP.MKTP.KD.ZG,Cuba,CUB,3.18223018586652
GDP growth (annual %),NY.GDP.MKTP.KD.ZG,Curacao,CUW,
GDP growth (annual %),NY.GDP.MKTP.KD.ZG,Cyprus,CYP,4.02555160043916
GDP growth (annual %),NY.GDP.MKTP.KD.ZG,Czech Republic,CZE,3.09734964402067
GDP growth (annual %),NY.GDP.MKTP.KD.ZG,Denmark,DNK,0.704834102591832
GDP growth (annual %),NY.GDP.MKTP.KD.ZG,Djibouti,DJI,2.04776437491121
GDP growth (annual %),NY.GDP.MKTP.KD.ZG,Dominica,DMA,-0.0658183331430422
GDP growth (annual %),NY.GDP.MKTP.KD.ZG,Dominican Republic,DOM,1.80922948461375
GDP growth (annual %),NY.GDP.MKTP.KD.ZG,Ecuador,ECU,4.01562989958492
GDP growth (annual %),NY.GDP.MKTP.KD.ZG,"Egypt, Arab Rep.",EGY,3.53522567186172
GDP growth (annual %),NY.GDP.MKTP.KD.ZG,El Salvador,SLV,1.70924318169388
GDP growth (annual %),NY.GDP.MKTP.KD.ZG,Equatorial Guinea,GNQ,63.3798754277412
GDP growth (annual %),NY.GDP.MKTP.KD.ZG,Eritrea,ERI,8.75543631332867
GDP growth (annual %),NY.GDP.MKTP.KD.ZG,Estonia,EST,6.28164438827308
GDP growth (annual %),NY.GDP.MKTP.KD.ZG,Ethiopia,ETH,8.30143218440085
GDP growth (annual %),NY.GDP.MKTP.KD.ZG,Faeroe Islands,FRO,
GDP growth (annual %),NY.GDP.MKTP.KD.ZG,Fiji,FJI,1.99999999999991
GDP growth (annual %),NY.GDP.MKTP.KD.ZG,Finland,FIN,2.28374749423182
GDP growth (annual %),NY.GDP.MKTP.KD.ZG,France,FRA,1.83573412101885
GDP growth (annual %),NY.GDP.MKTP.KD.ZG,French Polynesia,PYF,
GDP growth (annual %),NY.GDP.MKTP.KD.ZG,Gabon,GAB,2.13167995276055
GDP growth (annual %),NY.GDP.MKTP.KD.ZG,"Gambia, The",GMB,5.80000000000003
GDP growth (annual %),NY.GDP.MKTP.KD.ZG,Georgia,GEO,4.80545174190894
GDP growth (annual %),NY.GDP.MKTP.KD.ZG,Germany,DEU,1.51437107242197
GDP growth (annual %),NY.GDP.MKTP.KD.ZG,Ghana,GHA,4.00000000000007
GDP growth (annual %),NY.GDP.MKTP.KD.ZG,Greece,GRC,4.19704635916808
GDP growth (annual %),NY.GDP.MKTP.KD.ZG,Greenland,GRL,1.26903553299489
GDP growth (annual %),NY.GDP.MKTP.KD.ZG,Grenada,GRD,-2.09498108838669
GDP growth (annual %),NY.GDP.MKTP.KD.ZG,Guam,GUM,
GDP growth (annual %),NY.GDP.MKTP.KD.ZG,Guatemala,GTM,2.33254430076826
GDP growth (annual %),NY.GDP.MKTP.KD.ZG,Guinea,GIN,3.65834647072822
GDP growth (annual %),NY.GDP.MKTP.KD.ZG,Guinea-Bissau,GNB,7.22487917513904
GDP growth (annual %),NY.GDP.MKTP.KD.ZG,Guyana,GUY,2.24999929205777
GDP growth (annual %),NY.GDP.MKTP.KD.ZG,Haiti,HTI,-1.04269731334196
GDP growth (annual %),NY.GDP.MKTP.KD.ZG,Honduras,HND,2.72321880489126
GDP growth (annual %),NY.GDP.MKTP.KD.ZG,"Hong Kong SAR, China",HKG,0.560880615668808
GDP growth (annual %),NY.GDP.MKTP.KD.ZG,Hungary,HUN,3.71220303509901
GDP growth (annual %),NY.GDP.MKTP.KD.ZG,Iceland,ISL,3.9216019516697
GDP growth (annual %),NY.GDP.MKTP.KD.ZG,India,IND,4.94422635692555
GDP growth (annual %),NY.GDP.MKTP.KD.ZG,Indonesia,IDN,3.64346644721547
GDP growth (annual %),NY.GDP.MKTP.KD.ZG,"Iran, Islamic Rep.",IRN,3.66967194834666
GDP growth (annual %),NY.GDP.MKTP.KD.ZG,Iraq,IRQ,-6.59999999999991
GDP growth (annual %),NY.GDP.MKTP.KD.ZG,Ireland,IRL,5.29620729999418
GDP growth (annual %),NY.GDP.MKTP.KD.ZG,Isle of Man,IMY,5.37616633442804
GDP growth (annual %),NY.GDP.MKTP.KD.ZG,Israel,ISR,-0.223359908002251
GDP growth (annual %),NY.GDP.MKTP.KD.ZG,Italy,ITA,1.86262744990462
GDP growth (annual %),NY.GDP.MKTP.KD.ZG,Jamaica,JAM,1.34492955559342
GDP growth (annual %),NY.GDP.MKTP.KD.ZG,Japan,JPN,0.355461714842022
GDP growth (annual %),NY.GDP.MKTP.KD.ZG,Jordan,JOR,5.26929628705952
GDP growth (annual %),NY.GDP.MKTP.KD.ZG,Kazakhstan,KAZ,13.5
GDP growth (annual %),NY.GDP.MKTP.KD.ZG,Kenya,KEN,3.77990649688917
GDP growth (annual %),NY.GDP.MKTP.KD.ZG,Kiribati,KIR,-3.07414033791567
GDP growth (annual %),NY.GDP.MKTP.KD.ZG,"Korea, Dem. Rep.",PRK,
GDP growth (annual %),NY.GDP.MKTP.KD.ZG,"Korea, Rep.",KOR,3.97347875791377
GDP growth (annual %),NY.GDP.MKTP.KD.ZG,Kosovo,KSV,26.9739161085657
GDP growth (annual %),NY.GDP.MKTP.KD.ZG,Kuwait,KWT,0.729026469268732
GDP growth (annual %),NY.GDP.MKTP.KD.ZG,Kyrgyz Republic,KGZ,5.32158434716517
GDP growth (annual %),NY.GDP.MKTP.KD.ZG,Lao PDR,LAO,5.75141288156036
GDP growth (annual %),NY.GDP.MKTP.KD.ZG,Latvia,LVA,8.04349876103929
GDP growth (annual %),NY.GDP.MKTP.KD.ZG,Lebanon,LBN,3.95351612597055
GDP growth (annual %),NY.GDP.MKTP.KD.ZG,Lesotho,LSO,4.22920440915999
GDP growth (annual %),NY.GDP.MKTP.KD.ZG,Liberia,LBR,22.0958531463696
GDP growth (annual %),NY.GDP.MKTP.KD.ZG,Libya,LBY,-4.3
GDP growth (annual %),NY.GDP.MKTP.KD.ZG,Liechtenstein,LIE,-0.733091658919108
GDP growth (annual %),NY.GDP.MKTP.KD.ZG,Lithuania,LTU,6.73571391089889
GDP growth (annual %),NY.GDP.MKTP.KD.ZG,Luxembourg,LUX,2.51785531485989
GDP growth (annual %),NY.GDP.MKTP.KD.ZG,"Macao SAR, China",MAC,2.89999999999996
GDP growth (annual %),NY.GDP.MKTP.KD.ZG,"Macedonia, FYR",MKD,-4.52533790708797
GDP growth (annual %),NY.GDP.MKTP.KD.ZG,Madagascar,MDG,6.01782440081658
GDP growth (annual %),NY.GDP.MKTP.KD.ZG,Malawi,MWI,-4.97496384274106
GDP growth (annual %),NY.GDP.MKTP.KD.ZG,Malaysia,MYS,0.517675315164595
GDP growth (annual %),NY.GDP.MKTP.KD.ZG,Maldives,MDV,
GDP growth (annual %),NY.GDP.MKTP.KD.ZG,Mali,MLI,12.1000000000002
GDP growth (annual %),NY.GDP.MKTP.KD.ZG,Malta,MLT,-1.54988858628377
GDP growth (annual %),NY.GDP.MKTP.KD.ZG,Marshall Islands,MHL,5.36338005629105
GDP growth (annual %),NY.GDP.MKTP.KD.ZG,Mauritania,MRT,2.00879692462925
GDP growth (annual %),NY.GDP.MKTP.KD.ZG,Mauritius,MUS,2.57357031308561
GDP growth (annual %),NY.GDP.MKTP.KD.ZG,Mexico,MEX,-0.156984193599754
GDP growth (annual %),NY.GDP.MKTP.KD.ZG,"Micronesia, Fed. Sts.",FSM,1.74718698321514
GDP growth (annual %),NY.GDP.MKTP.KD.ZG,Moldova,MDA,6.09999999999988
GDP growth (annual %),NY.GDP.MKTP.KD.ZG,Monaco,MCO,2.18772937258254
GDP growth (annual %),NY.GDP.MKTP.KD.ZG,Mongolia,MNG,2.95271054487058
GDP growth (annual %),NY.GDP.MKTP.KD.ZG,Montenegro,MNE,1.09999999999999
GDP growth (annual %),NY.GDP.MKTP.KD.ZG,Morocco,MAR,7.55195198866964
GDP growth (annual %),NY.GDP.MKTP.KD.ZG,Mozambique,MOZ,11.8989251037397
GDP growth (annual %),NY.GDP.MKTP.KD.ZG,Myanmar,MMR,11.3440344992813
GDP growth (annual %),NY.GDP.MKTP.KD.ZG,Namibia,NAM,1.18036981044307
GDP growth (annual %),NY.GDP.MKTP.KD.ZG,Nepal,NPL,4.79976263762146
GDP growth (annual %),NY.GDP.MKTP.KD.ZG,Netherlands,NLD,1.92585660063433
GDP growth (annual %),NY.GDP.MKTP.KD.ZG,New Caledonia,NCL,
GDP growth (annual %),NY.GDP.MKTP.KD.ZG,New Zealand,NZL,3.58120667710492
GDP growth (annual %),NY.GDP.MKTP.KD.ZG,Nicaragua,NIC,2.96084351432371
GDP growth (annual %),NY.GDP.MKTP.KD.ZG,Niger,NER,7.10434061141527
GDP growth (annual %),NY.GDP.MKTP.KD.ZG,Nigeria,NGA,3.10000000000005
GDP growth (annual %),NY.GDP.MKTP.KD.ZG,Northern Mariana Islands,MNP,
GDP growth (annual %),NY.GDP.MKTP.KD.ZG,Norway,NOR,1.99004437118811
GDP growth (annual %),NY.GDP.MKTP.KD.ZG,Oman,OMN,7.48159682899208
GDP growth (annual %),NY.GDP.MKTP.KD.ZG,Pakistan,PAK,1.98248403273405
GDP growth (annual %),NY.GDP.MKTP.KD.ZG,Palau,PLW,4.95420118350309
GDP growth (annual %),NY.GDP.MKTP.KD.ZG,Panama,PAN,0.574272924746495
GDP growth (annual %),NY.GDP.MKTP.KD.ZG,Papua New Guinea,PNG,-0.121288757564415
GDP growth (annual %),NY.GDP.MKTP.KD.ZG,Paraguay,PRY,-0.834054712840654
GDP growth (annual %),NY.GDP.MKTP.KD.ZG,Peru,PER,0.214894739369839
GDP growth (annual %),NY.GDP.MKTP.KD.ZG,Philippines,PHL,2.89399241040951
GDP growth (annual %),NY.GDP.MKTP.KD.ZG,Poland,POL,1.20530160751657
GDP growth (annual %),NY.GDP.MKTP.KD.ZG,Portugal,PRT,1.97475089694225
GDP growth (annual %),NY.GDP.MKTP.KD.ZG,Puerto Rico,PRI,1.50000000000034
GDP growth (annual %),NY.GDP.MKTP.KD.ZG,Qatar,QAT,3.32772238767318
GDP growth (annual %),NY.GDP.MKTP.KD.ZG,Romania,ROM,5.7000024082742
GDP growth (annual %),NY.GDP.MKTP.KD.ZG,Russian Federation,RUS,5.09198423127464
GDP growth (annual %),NY.GDP.MKTP.KD.ZG,Rwanda,RWA,8.66895420057467
GDP growth (annual %),NY.GDP.MKTP.KD.ZG,Samoa,WSM,7.09155188970436
GDP growth (annual %),NY.GDP.MKTP.KD.ZG,San Marino,SMR,5.60747663551398
GDP growth (annual %),NY.GDP.MKTP.KD.ZG,Sao Tome and Principe,STP,
GDP growth (annual %),NY.GDP.MKTP.KD.ZG,Saudi Arabia,SAU,0.547438793646677
GDP growth (annual %),NY.GDP.MKTP.KD.ZG,Senegal,SEN,4.58091641963934
GDP growth (annual %),NY.GDP.MKTP.KD.ZG,Serbia,SRB,5.3
GDP growth (annual %),NY.GDP.MKTP.KD.ZG,Seychelles,SYC,-2.27116311080529
GDP growth (annual %),NY.GDP.MKTP.KD.ZG,Sierra Leone,SLE,-7.14031971580826
GDP growth (annual %),NY.GDP.MKTP.KD.ZG,Singapore,SGP,-1.1543981001325
GDP growth (annual %),NY.GDP.MKTP.KD.ZG,Sint Maarten (Dutch part),SXM,
GDP growth (annual %),NY.GDP.MKTP.KD.ZG,Slovak Republic,SVK,3.48198993113719
GDP growth (annual %),NY.GDP.MKTP.KD.ZG,Slovenia,SVN,2.93963362231
GDP growth (annual %),NY.GDP.MKTP.KD.ZG,Solomon Islands,SLB,-7.97856504912153
GDP growth (annual %),NY.GDP.MKTP.KD.ZG,Somalia,SOM,
GDP growth (annual %),NY.GDP.MKTP.KD.ZG,South Africa,ZAF,2.73542314981184
GDP growth (annual %),NY.GDP.MKTP.KD.ZG,South Sudan,SSD,
GDP growth (annual %),NY.GDP.MKTP.KD.ZG,Spain,ESP,3.66943056673439
GDP growth (annual %),NY.GDP.MKTP.KD.ZG,Sri Lanka,LKA,-1.54537286612762
GDP growth (annual %),NY.GDP.MKTP.KD.ZG,St. Kitts and Nevis,KNA,5.2365367529281
GDP growth (annual %),NY.GDP.MKTP.KD.ZG,St. Lucia,LCA,-4.79637999823838
GDP growth (annual %),NY.GDP.MKTP.KD.ZG,St. Martin (French part),MAF,
GDP growth (annual %),NY.GDP.MKTP.KD.ZG,St. Vincent and the Grenadines,VCT,1.64926981500642
GDP growth (annual %),NY.GDP.MKTP.KD.ZG,Sudan,SDN,6.16544074241273
GDP growth (annual %),NY.GDP.MKTP.KD.ZG,Suriname,SUR,4.55307843264883
GDP growth (annual %),NY.GDP.MKTP.KD.ZG,Swaziland,SWZ,1.15787782262258
GDP growth (annual %),NY.GDP.MKTP.KD.ZG,Sweden,SWE,1.26231043385428
GDP growth (annual %),NY.GDP.MKTP.KD.ZG,Switzerland,CHE,1.24315159633892
GDP growth (annual %),NY.GDP.MKTP.KD.ZG,Syrian Arab Republic,SYR,5.20094280966813
GDP growth (annual %),NY.GDP.MKTP.KD.ZG,Tajikistan,TJK,10.2
GDP growth (annual %),NY.GDP.MKTP.KD.ZG,Tanzania,TZA,5.99782885709826
GDP growth (annual %),NY.GDP.MKTP.KD.ZG,Thailand,THA,2.16726427095324
GDP growth (annual %),NY.GDP.MKTP.KD.ZG,Timor-Leste,TMP,-12.4288425047439
GDP growth (annual %),NY.GDP.MKTP.KD.ZG,Togo,TGO,-1.62680627181862
GDP growth (annual %),NY.GDP.MKTP.KD.ZG,Tonga,TON,3.60177671004706
GDP growth (annual %),NY.GDP.MKTP.KD.ZG,Trinidad and Tobago,TTO,4.09464790888592
GDP growth (annual %),NY.GDP.MKTP.KD.ZG,Tunisia,TUN,4.90877143987525
GDP growth (annual %),NY.GDP.MKTP.KD.ZG,Turkey,TUR,-5.69747676164852
GDP growth (annual %),NY.GDP.MKTP.KD.ZG,Turkmenistan,TKM,4.34384552960456
GDP growth (annual %),NY.GDP.MKTP.KD.ZG,Turks and Caicos Islands,TCA,
GDP growth (annual %),NY.GDP.MKTP.KD.ZG,Tuvalu,TUV,1.63404129565964
GDP growth (annual %),NY.GDP.MKTP.KD.ZG,Uganda,UGA,5.18366112648627
GDP growth (annual %),NY.GDP.MKTP.KD.ZG,Ukraine,UKR,9.20000000000012
GDP growth (annual %),NY.GDP.MKTP.KD.ZG,United Arab Emirates,ARE,1.39908502292663
GDP growth (annual %),NY.GDP.MKTP.KD.ZG,United Kingdom,GBR,2.88537457037748
GDP growth (annual %),NY.GDP.MKTP.KD.ZG,United States,USA,1.09337611242057
GDP growth (annual %),NY.GDP.MKTP.KD.ZG,Uruguay,URY,-3.84412995714339
GDP growth (annual %),NY.GDP.MKTP.KD.ZG,Uzbekistan,UZB,4.20000000000024
GDP growth (annual %),NY.GDP.MKTP.KD.ZG,Vanuatu,VUT,-3.48850775872127
GDP growth (annual %),NY.GDP.MKTP.KD.ZG,"Venezuela, RB",VEN,3.3942361077907
GDP growth (annual %),NY.GDP.MKTP.KD.ZG,Vietnam,VNM,6.89489642845804
GDP growth (annual %),NY.GDP.MKTP.KD.ZG,Virgin Islands (U.S.),VIR,
GDP growth (annual %),NY.GDP.MKTP.KD.ZG,West Bank and Gaza,WBG,-14.7895309294827
GDP growth (annual %),NY.GDP.MKTP.KD.ZG,"Yemen, Rep.",YEM,3.80364587817267
GDP growth (annual %),NY.GDP.MKTP.KD.ZG,Zambia,ZMB,4.89446597180499
GDP growth (annual %),NY.GDP.MKTP.KD.ZG,Zimbabwe,ZWE,1.43961549759908
